holiday,locale,transferred,sales,onpromotion
Holiday,National,False,2511.618999,0.0
Not Holiday,Not Holiday,False,496092.417944,0.0
Not Holiday,Not Holiday,False,361461.231124,0.0
Not Holiday,Not Holiday,False,354459.6770927,0.0
Work Day,National,False,477350.121229,0.0
Not Holiday,Not Holiday,False,519695.401088,0.0
Not Holiday,Not Holiday,False,336122.801066,0.0
Not Holiday,Not Holiday,False,318347.777981,0.0
Not Holiday,Not Holiday,False,302530.809018,0.0
Not Holiday,Not Holiday,False,258982.003049,0.0
Not Holiday,Not Holiday,False,289737.6850845,0.0
Work Day,National,False,403258.2120105,0.0
Not Holiday,Not Holiday,False,464638.547998,0.0
Not Holiday,Not Holiday,False,293348.362078,0.0
Not Holiday,Not Holiday,False,299129.549954,0.0
Not Holiday,Not Holiday,False,318347.913946,0.0
Not Holiday,Not Holiday,False,267498.5159755,0.0
Not Holiday,Not Holiday,False,296130.850028,0.0
Not Holiday,Not Holiday,False,432459.852021,0.0
Not Holiday,Not Holiday,False,461092.386047,0.0
Not Holiday,Not Holiday,False,311211.26595000003,0.0
Not Holiday,Not Holiday,False,296214.728983,0.0
Not Holiday,Not Holiday,False,283258.4530325,0.0
Not Holiday,Not Holiday,False,247245.690995,0.0
Not Holiday,Not Holiday,False,290022.77193,0.0
Not Holiday,Not Holiday,False,413799.7679753,0.0
Not Holiday,Not Holiday,False,430411.991233,0.0
Not Holiday,Not Holiday,False,285460.169953,0.0
Not Holiday,Not Holiday,False,264488.81807649997,0.0
Not Holiday,Not Holiday,False,281061.127052,0.0
Not Holiday,Not Holiday,False,271254.217996,0.0
Not Holiday,Not Holiday,False,369402.055266,0.0
Not Holiday,Not Holiday,False,518887.462705,0.0
Not Holiday,Not Holiday,False,486336.82018,0.0
Not Holiday,Not Holiday,False,344308.715017,0.0
Not Holiday,Not Holiday,False,321245.83913,0.0
Not Holiday,Not Holiday,False,321538.177149,0.0
Not Holiday,Not Holiday,False,290807.530973,0.0
Not Holiday,Not Holiday,False,347441.789912,0.0
Not Holiday,Not Holiday,False,416176.2790747,0.0
Not Holiday,Not Holiday,False,300951.328993,0.0
Holiday,National,False,278627.588926,0.0
Holiday,National,False,308800.7909121,0.0
Not Holiday,Not Holiday,False,319597.929962,0.0
Not Holiday,Not Holiday,False,308164.016957,0.0
Not Holiday,Not Holiday,False,320168.883912,0.0
Not Holiday,Not Holiday,False,485660.494008,0.0
Not Holiday,Not Holiday,False,399588.910014,0.0
Not Holiday,Not Holiday,False,350745.573191,0.0
Not Holiday,Not Holiday,False,293637.801951,0.0
Not Holiday,Not Holiday,False,313803.162034,0.0
Not Holiday,Not Holiday,False,267711.1090155,0.0
Not Holiday,Not Holiday,False,285679.869131,0.0
Not Holiday,Not Holiday,False,412897.349113,0.0
Not Holiday,Not Holiday,False,452726.126103,0.0
Not Holiday,Not Holiday,False,307110.875933,0.0
Not Holiday,Not Holiday,False,270425.0070675,0.0
Not Holiday,Not Holiday,False,288401.998919,0.0
Not Holiday,Not Holiday,False,278116.291888,0.0
Not Holiday,Not Holiday,False,378898.165064,0.0
Holiday,Local,False,547857.205258,0.0
Not Holiday,Not Holiday,False,559820.580027,0.0
Not Holiday,Not Holiday,False,383647.679097,0.0
Not Holiday,Not Holiday,False,332189.993189,0.0
Not Holiday,Not Holiday,False,335726.580968,0.0
Not Holiday,Not Holiday,False,293099.52701,0.0
Not Holiday,Not Holiday,False,316600.679967,0.0
Not Holiday,Not Holiday,False,453259.496866,0.0
Not Holiday,Not Holiday,False,461859.756153,0.0
Not Holiday,Not Holiday,False,318379.133021,0.0
Not Holiday,Not Holiday,False,271823.37801,0.0
Not Holiday,Not Holiday,False,287869.663972,0.0
Not Holiday,Not Holiday,False,247541.420096,0.0
Not Holiday,Not Holiday,False,315878.090213,0.0
Not Holiday,Not Holiday,False,482233.433961,0.0
Not Holiday,Not Holiday,False,513439.584913,0.0
Not Holiday,Not Holiday,False,330283.80303,0.0
Not Holiday,Not Holiday,False,294020.245897,0.0
Not Holiday,Not Holiday,False,321207.006946,0.0
Not Holiday,Not Holiday,False,269130.127953,0.0
Not Holiday,Not Holiday,False,304100.453969,0.0
Not Holiday,Not Holiday,False,453192.003086,0.0
Not Holiday,Not Holiday,False,449794.636951,0.0
Not Holiday,Not Holiday,False,317559.6099585,0.0
Not Holiday,Not Holiday,False,275818.2359,0.0
Not Holiday,Not Holiday,False,313691.148998,0.0
Not Holiday,Not Holiday,False,339293.269022,0.0
Not Holiday,Not Holiday,False,345513.132,0.0
Not Holiday,Not Holiday,False,452661.356036,0.0
Not Holiday,Not Holiday,False,462107.639956,0.0
Holiday,Regional,False,428816.447912,0.0
Not Holiday,Not Holiday,False,377732.827961,0.0
Not Holiday,Not Holiday,False,373731.0758793,0.0
Not Holiday,Not Holiday,False,308738.385963,0.0
Not Holiday,Not Holiday,False,336394.782031,0.0
Not Holiday,Not Holiday,False,509424.214023,0.0
Not Holiday,Not Holiday,False,519048.376884,0.0
Not Holiday,Not Holiday,False,346649.815943,0.0
Not Holiday,Not Holiday,False,306335.8019617,0.0
Not Holiday,Not Holiday,False,312846.374941,0.0
Not Holiday,Not Holiday,False,303223.41301,0.0
Holiday,Local,False,314394.967035,0.0
Not Holiday,Not Holiday,False,453442.497048,0.0
Holiday,Local,False,478417.148813,0.0
Not Holiday,Not Holiday,False,338712.458055,0.0
Not Holiday,Not Holiday,False,333431.880049,0.0
Not Holiday,Not Holiday,False,334990.518942,0.0
Not Holiday,Not Holiday,False,281924.509951,0.0
Not Holiday,Not Holiday,False,311588.70494,0.0
Not Holiday,Not Holiday,False,459884.838043,0.0
Holiday,Local,False,485721.032087,0.0
Not Holiday,Not Holiday,False,328886.320986,0.0
Not Holiday,Not Holiday,False,302097.8329435,0.0
Not Holiday,Not Holiday,False,310555.184925,0.0
Not Holiday,Not Holiday,False,268790.618996,0.0
Not Holiday,Not Holiday,False,304413.556952,0.0
Not Holiday,Not Holiday,False,446665.337895,0.0
Not Holiday,Not Holiday,False,477623.4729303,0.0
Holiday,National,False,328795.874018,0.0
Not Holiday,Not Holiday,False,310186.466894,0.0
Holiday,National,False,507974.636889,0.0
Not Holiday,Not Holiday,False,348709.460063,0.0
Not Holiday,Not Holiday,False,374291.2510323,0.0
Not Holiday,Not Holiday,False,520339.51596499997,0.0
Not Holiday,Not Holiday,False,580268.550981,0.0
Not Holiday,Not Holiday,False,369869.383046,0.0
Not Holiday,Not Holiday,False,317292.964148,0.0
Not Holiday,Not Holiday,False,332477.410968,0.0
Not Holiday,Not Holiday,False,305868.0570225,0.0
Not Holiday,Not Holiday,False,335937.441949,0.0
Additional,National,False,512090.58108,0.0
Event,National,False,387860.5050145,0.0
Holiday,Local,False,387860.5050145,0.0
Not Holiday,Not Holiday,False,350598.06187,0.0
Not Holiday,Not Holiday,False,308469.313119,0.0
Not Holiday,Not Holiday,False,329113.560081,0.0
Not Holiday,Not Holiday,False,307556.946937,0.0
Not Holiday,Not Holiday,False,330004.241998,0.0
Not Holiday,Not Holiday,False,480969.558942,0.0
Not Holiday,Not Holiday,False,518153.554009,0.0
Not Holiday,Not Holiday,False,341787.214991,0.0
Not Holiday,Not Holiday,False,307178.399952,0.0
Not Holiday,Not Holiday,False,301785.4831075,0.0
Not Holiday,Not Holiday,False,289261.058026,0.0
Holiday,National,False,398389.241982,0.0
Not Holiday,Not Holiday,False,417930.141993,0.0
Not Holiday,Not Holiday,False,450631.400068,0.0
Not Holiday,Not Holiday,False,321630.8309235,0.0
Not Holiday,Not Holiday,False,307329.1680565,0.0
Not Holiday,Not Holiday,False,309333.380899,0.0
Not Holiday,Not Holiday,False,304344.849939,0.0
Not Holiday,Not Holiday,False,330257.841975,0.0
Not Holiday,Not Holiday,False,566901.814988,0.0
Not Holiday,Not Holiday,False,637698.494958,0.0
Not Holiday,Not Holiday,False,426332.097995,0.0
Not Holiday,Not Holiday,False,369705.160085,0.0
Not Holiday,Not Holiday,False,361791.080915,0.0
Not Holiday,Not Holiday,False,317496.765891,0.0
Not Holiday,Not Holiday,False,357673.087977,0.0
Not Holiday,Not Holiday,False,466292.699096,0.0
Not Holiday,Not Holiday,False,526804.730256,0.0
Not Holiday,Not Holiday,False,349754.291978,0.0
Not Holiday,Not Holiday,False,283858.2159925,0.0
Not Holiday,Not Holiday,False,320173.5779987,0.0
Not Holiday,Not Holiday,False,282886.9200452,0.0
Not Holiday,Not Holiday,False,326956.74210719997,0.0
Not Holiday,Not Holiday,False,505950.6668701,0.0
Not Holiday,Not Holiday,False,435894.082881,0.0
Not Holiday,Not Holiday,False,370944.271024,0.0
Not Holiday,Not Holiday,False,320885.3399215,0.0
Not Holiday,Not Holiday,False,319235.25797700003,0.0
Not Holiday,Not Holiday,False,293877.944015,0.0
Not Holiday,Not Holiday,False,319722.6870265,0.0
Not Holiday,Not Holiday,False,446347.312096,0.0
Holiday,Local,False,504964.845142,0.0
Not Holiday,Not Holiday,False,336631.9640383,0.0
Holiday,Local,False,610239.060128,0.0
Holiday,Regional,False,305119.530064,0.0
Not Holiday,Not Holiday,False,301847.2489636,0.0
Not Holiday,Not Holiday,False,266525.458966,0.0
Not Holiday,Not Holiday,False,324210.971803,0.0
Not Holiday,Not Holiday,False,509379.108146,0.0
Not Holiday,Not Holiday,False,533481.693027,0.0
Not Holiday,Not Holiday,False,441758.3880965,0.0
Not Holiday,Not Holiday,False,390958.38408,0.0
Holiday,Local,False,749103.835898,0.0
Not Holiday,Not Holiday,False,327020.179028,0.0
Not Holiday,Not Holiday,False,351401.500074,0.0
Not Holiday,Not Holiday,False,479514.493924,0.0
Not Holiday,Not Holiday,False,500606.073078,0.0
Not Holiday,Not Holiday,False,365452.995017,0.0
Not Holiday,Not Holiday,False,317279.1449993,0.0
Not Holiday,Not Holiday,False,314134.886071,0.0
Not Holiday,Not Holiday,False,281750.931023,0.0
Not Holiday,Not Holiday,False,308786.438133,0.0
Not Holiday,Not Holiday,False,432569.1022205,0.0
Not Holiday,Not Holiday,False,438722.417857,0.0
Not Holiday,Not Holiday,False,348803.0469486,0.0
Not Holiday,Not Holiday,False,335516.229006,0.0
Not Holiday,Not Holiday,False,324313.8180255,0.0
Not Holiday,Not Holiday,False,287074.8739522,0.0
Not Holiday,Not Holiday,False,313332.555049,0.0
Not Holiday,Not Holiday,False,435497.731013,0.0
Not Holiday,Not Holiday,False,437952.624049,0.0
Not Holiday,Not Holiday,False,342802.29905,0.0
Holiday,Local,False,316257.463107,0.0
Additional,Local,False,309243.7899995,0.0
Holiday,Local,False,298074.2249247,0.0
Not Holiday,Not Holiday,False,318745.692921,0.0
Not Holiday,Not Holiday,False,423890.5020012,0.0
Not Holiday,Not Holiday,False,433358.6520873,0.0
Not Holiday,Not Holiday,False,331493.2850525,0.0
Not Holiday,Not Holiday,False,318553.989932,0.0
Not Holiday,Not Holiday,False,357982.979012,0.0
Not Holiday,Not Holiday,False,397555.3181021,0.0
Not Holiday,Not Holiday,False,393831.120007,0.0
Not Holiday,Not Holiday,False,516956.846013,0.0
Not Holiday,Not Holiday,False,514267.27594,0.0
Holiday,Local,False,407033.810946,0.0
Not Holiday,Not Holiday,False,357263.854086,0.0
Not Holiday,Not Holiday,False,351302.132003,0.0
Not Holiday,Not Holiday,False,310953.0239315,0.0
Not Holiday,Not Holiday,False,337521.667868,0.0
Holiday,National,False,434184.94409,0.0
Not Holiday,Not Holiday,False,434720.3230013,0.0
Not Holiday,Not Holiday,False,349539.224033,0.0
Not Holiday,Not Holiday,False,317103.331061,0.0
Not Holiday,Not Holiday,False,324377.386893,0.0
Holiday,Local,False,311043.17291,0.0
Not Holiday,Not Holiday,False,364487.3218839,0.0
Not Holiday,Not Holiday,False,448835.3109167,0.0
Not Holiday,Not Holiday,False,464053.7730675,0.0
Not Holiday,Not Holiday,False,362085.52696,0.0
Not Holiday,Not Holiday,False,343046.11398,0.0
Not Holiday,Not Holiday,False,335724.643932,0.0
Not Holiday,Not Holiday,False,306473.26098,0.0
Not Holiday,Not Holiday,False,331906.369098,0.0
Holiday,Local,False,420576.154994,0.0
Not Holiday,Not Holiday,False,443694.093754,0.0
Not Holiday,Not Holiday,False,347159.6410143,0.0
Not Holiday,Not Holiday,False,319688.2190185,0.0
Not Holiday,Not Holiday,False,319322.060993,0.0
Not Holiday,Not Holiday,False,294518.685943,0.0
Not Holiday,Not Holiday,False,354932.930947,0.0
Not Holiday,Not Holiday,False,523631.3811059,0.0
Not Holiday,Not Holiday,False,640406.221875,0.0
Not Holiday,Not Holiday,False,458792.960966,0.0
Not Holiday,Not Holiday,False,397680.420032,0.0
Not Holiday,Not Holiday,False,392565.48591,0.0
Not Holiday,Not Holiday,False,330622.779063,0.0
Not Holiday,Not Holiday,False,335442.247929,0.0
Not Holiday,Not Holiday,False,518584.247,0.0
Not Holiday,Not Holiday,False,560852.005091,0.0
Not Holiday,Not Holiday,False,377151.7070027,0.0
Not Holiday,Not Holiday,False,308074.4658225,0.0
Not Holiday,Not Holiday,False,323124.61885,0.0
Not Holiday,Not Holiday,False,282855.730937,0.0
Not Holiday,Not Holiday,False,319556.942029,0.0
Not Holiday,Not Holiday,False,476364.004996,0.0
Not Holiday,Not Holiday,False,532852.959041,0.0
Not Holiday,Not Holiday,False,373229.840879,0.0
Not Holiday,Not Holiday,False,327282.949966,0.0
Not Holiday,Not Holiday,False,315687.718926,0.0
Not Holiday,Not Holiday,False,279580.372008,0.0
Not Holiday,Not Holiday,False,331846.9039701,0.0
Not Holiday,Not Holiday,False,468298.380896,0.0
Not Holiday,Not Holiday,False,502068.7019007,0.0
Not Holiday,Not Holiday,False,356043.0340047,0.0
Not Holiday,Not Holiday,False,303333.392926,0.0
Not Holiday,Not Holiday,False,312490.104996,0.0
Not Holiday,Not Holiday,False,273057.8798588,0.0
Not Holiday,Not Holiday,False,320246.574024,0.0
Holiday,Local,False,484903.6890081,0.0
Not Holiday,Not Holiday,False,522868.441946,0.0
Not Holiday,Not Holiday,False,367068.4500143,0.0
Not Holiday,Not Holiday,False,436441.034076,0.0
Not Holiday,Not Holiday,False,414455.6550375,0.0
Not Holiday,Not Holiday,False,348933.24703,0.0
Not Holiday,Not Holiday,False,378109.978059,0.0
Not Holiday,Not Holiday,False,540156.625057,0.0
Not Holiday,Not Holiday,False,553031.424016,0.0
Holiday,Local,False,373387.109043,0.0
Not Holiday,Not Holiday,False,326726.7240121,0.0
Holiday,National,True,322529.418957,0.0
Not Holiday,Not Holiday,False,305047.0980576,0.0
Transfer,National,False,402913.849028,0.0
Not Holiday,Not Holiday,False,426379.6909939,0.0
Not Holiday,Not Holiday,False,481781.2559686,0.0
Not Holiday,Not Holiday,False,342694.7209944,0.0
Not Holiday,Not Holiday,False,305242.569986,0.0
Not Holiday,Not Holiday,False,355696.963943,0.0
Not Holiday,Not Holiday,False,312949.412961,0.0
Not Holiday,Not Holiday,False,323327.873107,0.0
Not Holiday,Not Holiday,False,488245.570001,0.0
Not Holiday,Not Holiday,False,537713.5090483,0.0
Not Holiday,Not Holiday,False,348721.327971,0.0
Not Holiday,Not Holiday,False,301641.7850828,0.0
Not Holiday,Not Holiday,False,323105.11598,0.0
Not Holiday,Not Holiday,False,276059.0800025,0.0
Not Holiday,Not Holiday,False,317570.4260338,0.0
Not Holiday,Not Holiday,False,452902.363914,0.0
Not Holiday,Not Holiday,False,512891.4830689,0.0
Not Holiday,Not Holiday,False,346941.91396,0.0
Not Holiday,Not Holiday,False,302332.9969864,0.0
Not Holiday,Not Holiday,False,319494.7050373,0.0
Not Holiday,Not Holiday,False,298195.433106,0.0
Not Holiday,Not Holiday,False,403637.232955,0.0
Holiday,National,False,540615.555037,0.0
Holiday,National,False,602796.556029,0.0
Not Holiday,Not Holiday,False,424314.167046,0.0
Not Holiday,Not Holiday,False,393322.182909,0.0
Holiday,Regional,False,386426.9788195,0.0
Holiday,Regional,False,346293.3400477,0.0
Not Holiday,Not Holiday,False,358473.978049,0.0
Not Holiday,Not Holiday,False,513850.32307,0.0
Holiday,Local,False,587666.490239,0.0
Holiday,Local,False,374087.890067,0.0
Holiday,Local,False,373277.748034,0.0
Not Holiday,Not Holiday,False,332279.2568851,0.0
Not Holiday,Not Holiday,False,284567.4029707,0.0
Not Holiday,Not Holiday,False,349383.296052,0.0
Not Holiday,Not Holiday,False,524065.5881155,0.0
Not Holiday,Not Holiday,False,579209.228924,0.0
Not Holiday,Not Holiday,False,391945.551999,0.0
Not Holiday,Not Holiday,False,329455.2710234,0.0
Not Holiday,Not Holiday,False,354337.734795,0.0
Not Holiday,Not Holiday,False,298047.047965,0.0
Not Holiday,Not Holiday,False,340734.213038,0.0
Not Holiday,Not Holiday,False,485544.298837,0.0
Not Holiday,Not Holiday,False,550925.293106,0.0
Not Holiday,Not Holiday,False,365965.5090102,0.0
Not Holiday,Not Holiday,False,323292.830024,0.0
Not Holiday,Not Holiday,False,337083.286026,0.0
Not Holiday,Not Holiday,False,305982.981947,0.0
Not Holiday,Not Holiday,False,357000.404165,0.0
Not Holiday,Not Holiday,False,541977.655801,0.0
Not Holiday,Not Holiday,False,698217.128989,0.0
Not Holiday,Not Holiday,False,495488.366984,0.0
Not Holiday,Not Holiday,False,424438.046973,0.0
Not Holiday,Not Holiday,False,424147.0459855,0.0
Additional,Local,False,386406.804985,0.0
Holiday,Local,False,432661.755068,0.0
Not Holiday,Not Holiday,False,537181.319801,0.0
Holiday,Local,False,588855.895921,0.0
Not Holiday,Not Holiday,False,442309.3141075,0.0
Not Holiday,Not Holiday,False,414421.695986,0.0
Not Holiday,Not Holiday,False,422957.198908,0.0
Not Holiday,Not Holiday,False,384256.080979,0.0
Not Holiday,Not Holiday,False,434657.0129787,0.0
Not Holiday,Not Holiday,False,554911.917024,0.0
Not Holiday,Not Holiday,False,642015.7758165,0.0
Not Holiday,Not Holiday,False,516060.290853,0.0
Not Holiday,Not Holiday,False,480470.71684249997,0.0
Not Holiday,Not Holiday,False,527481.336925,0.0
Not Holiday,Not Holiday,False,507461.038187,0.0
Not Holiday,Not Holiday,False,544104.2676365,0.0
Additional,National,False,685673.07474,0.0
Additional,National,False,696295.146867,0.0
Holiday,Local,False,696295.146867,0.0
Additional,National,False,792865.284427,0.0
Additional,National,False,620663.290732,0.0
Additional,National,False,470731.1624137,0.0
Not Holiday,Not Holiday,False,479314.968043,0.0
Not Holiday,Not Holiday,False,556952.3059789999,0.0
Not Holiday,Not Holiday,False,499719.5049237,0.0
Not Holiday,Not Holiday,False,635134.7358515,0.0
Additional,National,False,507264.6630475,0.0
Holiday,National,False,8602.065404,0.0
Not Holiday,Not Holiday,False,801011.226041,0.0
Not Holiday,Not Holiday,False,680672.845603,0.0
Not Holiday,Not Holiday,False,936628.8866039,0.0
Not Holiday,Not Holiday,False,949618.78894,0.0
Not Holiday,Not Holiday,False,602268.564009,0.0
Not Holiday,Not Holiday,False,563450.5988595,0.0
Not Holiday,Not Holiday,False,636176.853478,0.0
Not Holiday,Not Holiday,False,496377.933414,0.0
Not Holiday,Not Holiday,False,543055.329066,0.0
Not Holiday,Not Holiday,False,787321.455619,0.0
Not Holiday,Not Holiday,False,844633.598917,0.0
Not Holiday,Not Holiday,False,555547.0150185,0.0
Not Holiday,Not Holiday,False,502643.104285,0.0
Not Holiday,Not Holiday,False,567067.469069,0.0
Not Holiday,Not Holiday,False,502789.214207,0.0
Not Holiday,Not Holiday,False,542937.915657,0.0
Not Holiday,Not Holiday,False,786779.8899055,0.0
Not Holiday,Not Holiday,False,851735.334091,0.0
Not Holiday,Not Holiday,False,575850.061871,0.0
Not Holiday,Not Holiday,False,538817.207912,0.0
Not Holiday,Not Holiday,False,553097.596874,0.0
Not Holiday,Not Holiday,False,460789.0398597,0.0
Not Holiday,Not Holiday,False,526124.572256,0.0
Not Holiday,Not Holiday,False,733880.979053,0.0
Not Holiday,Not Holiday,False,814057.732862,0.0
Not Holiday,Not Holiday,False,540798.833711,0.0
Not Holiday,Not Holiday,False,481593.435798,0.0
Not Holiday,Not Holiday,False,512853.989922,0.0
Not Holiday,Not Holiday,False,453642.9707033,0.0
Not Holiday,Not Holiday,False,560816.192394,0.0
Not Holiday,Not Holiday,False,648870.19898,0.0
Not Holiday,Not Holiday,False,619805.537102,0.0
Not Holiday,Not Holiday,False,461637.5229585,0.0
Not Holiday,Not Holiday,False,403189.5869763,0.0
Not Holiday,Not Holiday,False,399138.3059075,0.0
Not Holiday,Not Holiday,False,359139.101529,0.0
Not Holiday,Not Holiday,False,389471.568011,0.0
Not Holiday,Not Holiday,False,530128.059914,0.0
Not Holiday,Not Holiday,False,520753.7470746,0.0
Not Holiday,Not Holiday,False,396622.737011,0.0
Not Holiday,Not Holiday,False,358382.7339877,0.0
Not Holiday,Not Holiday,False,387758.393971,0.0
Not Holiday,Not Holiday,False,347373.2985675,0.0
Not Holiday,Not Holiday,False,361206.4069057,0.0
Not Holiday,Not Holiday,False,538893.357859,0.0
Not Holiday,Not Holiday,False,595300.23508,0.0
Not Holiday,Not Holiday,False,412029.2879535,0.0
Not Holiday,Not Holiday,False,365331.247942,0.0
Not Holiday,Not Holiday,False,360161.6390075,0.0
Not Holiday,Not Holiday,False,322451.9201135,0.0
Not Holiday,Not Holiday,False,369403.653633,0.0
Not Holiday,Not Holiday,False,538206.082827,0.0
Not Holiday,Not Holiday,False,487896.463891,0.0
Not Holiday,Not Holiday,False,404224.188997,0.0
Not Holiday,Not Holiday,False,351418.110084,0.0
Not Holiday,Not Holiday,False,353604.266985,0.0
Not Holiday,Not Holiday,False,330330.185244,0.0
Not Holiday,Not Holiday,False,425624.795466,0.0
Not Holiday,Not Holiday,False,911360.2578707,0.0
Holiday,Local,False,667413.052988,0.0
Holiday,National,False,613973.031386,0.0
Holiday,National,False,748930.902096,0.0
Not Holiday,Not Holiday,False,741756.416525,0.0
Not Holiday,Not Holiday,False,614082.444339,0.0
Not Holiday,Not Holiday,False,598242.341178,0.0
Not Holiday,Not Holiday,False,753345.259201,0.0
Not Holiday,Not Holiday,False,916117.649984,0.0
Not Holiday,Not Holiday,False,587414.828974,0.0
Not Holiday,Not Holiday,False,539365.375063,0.0
Not Holiday,Not Holiday,False,575676.797032,0.0
Not Holiday,Not Holiday,False,473298.042544,0.0
Not Holiday,Not Holiday,False,530515.2554715,0.0
Not Holiday,Not Holiday,False,731049.789851,0.0
Not Holiday,Not Holiday,False,929808.492772,0.0
Not Holiday,Not Holiday,False,612719.522118,0.0
Not Holiday,Not Holiday,False,537427.86875,0.0
Not Holiday,Not Holiday,False,585974.657018,0.0
Not Holiday,Not Holiday,False,500897.112641,0.0
Not Holiday,Not Holiday,False,548811.469984,0.0
Not Holiday,Not Holiday,False,771704.933772,0.0
Not Holiday,Not Holiday,False,838814.636064,0.0
Not Holiday,Not Holiday,False,571762.044919,0.0
Not Holiday,Not Holiday,False,539861.6183493,0.0
Not Holiday,Not Holiday,False,569680.543547,0.0
Not Holiday,Not Holiday,False,468581.39830400003,0.0
Not Holiday,Not Holiday,False,538905.781947,0.0
Not Holiday,Not Holiday,False,822333.142686,0.0
Not Holiday,Not Holiday,False,873958.8396415,0.0
Not Holiday,Not Holiday,False,651800.509461,0.0
Holiday,Regional,False,485079.887001,8.0
Not Holiday,Not Holiday,False,463917.316107,4.0
Not Holiday,Not Holiday,False,388867.961418,120.0
Not Holiday,Not Holiday,False,422578.745073,5.0
Not Holiday,Not Holiday,False,617680.194045,7.0
Not Holiday,Not Holiday,False,631888.250898,7.0
Not Holiday,Not Holiday,False,426091.1040178,3.0
Not Holiday,Not Holiday,False,376663.272105,8.0
Not Holiday,Not Holiday,False,375309.08201199997,4.0
Not Holiday,Not Holiday,False,334052.7571255,119.0
Not Holiday,Not Holiday,False,379646.845927,14.0
Holiday,Local,False,529919.922964,10.0
Not Holiday,Not Holiday,False,540190.281942,16.0
Holiday,Local,False,381386.309033,8.0
Not Holiday,Not Holiday,False,364689.054991,45.0
Not Holiday,Not Holiday,False,411357.084985,45.0
Not Holiday,Not Holiday,False,397464.842904,455.0
Holiday,National,False,394392.184115,37.0
Not Holiday,Not Holiday,False,496904.749136,36.0
Not Holiday,Not Holiday,False,520126.3980386,56.0
Holiday,Local,False,398677.396998,28.0
Not Holiday,Not Holiday,False,370552.249018,49.0
Not Holiday,Not Holiday,False,372232.595049,58.0
Not Holiday,Not Holiday,False,320875.477858,460.0
Not Holiday,Not Holiday,False,357173.708433,22.0
Not Holiday,Not Holiday,False,497334.735036,39.0
Not Holiday,Not Holiday,False,560508.420995,52.0
Not Holiday,Not Holiday,False,362271.9169815,65.0
Not Holiday,Not Holiday,False,326338.348031,73.0
Not Holiday,Not Holiday,False,357079.964912,86.0
Holiday,National,False,530380.848064,547.0
Not Holiday,Not Holiday,False,443284.891212,215.0
Not Holiday,Not Holiday,False,610391.748971,72.0
Not Holiday,Not Holiday,False,646164.863883,58.0
Not Holiday,Not Holiday,False,427601.704071,67.0
Not Holiday,Not Holiday,False,388945.890086,84.0
Not Holiday,Not Holiday,False,391932.183945,71.0
Not Holiday,Not Holiday,False,337483.713217,472.0
Not Holiday,Not Holiday,False,381335.196055,218.0
Additional,National,False,577012.026997,61.0
Event,National,False,454512.928937,59.0
Holiday,Local,False,398251.889006,61.0
Not Holiday,Not Holiday,False,360734.522978,65.0
Not Holiday,Not Holiday,False,356373.806985,151.0
Not Holiday,Not Holiday,False,332272.8296378,534.0
Not Holiday,Not Holiday,False,380822.742652,1188.0
Not Holiday,Not Holiday,False,537873.964019,129.0
Not Holiday,Not Holiday,False,634519.7368283,139.0
Not Holiday,Not Holiday,False,388814.744958,110.0
Not Holiday,Not Holiday,False,354372.33997,157.0
Not Holiday,Not Holiday,False,356898.483031,191.0
Not Holiday,Not Holiday,False,310660.142642,1561.0
Not Holiday,Not Holiday,False,349549.892726,1274.0
Holiday,National,False,516627.261707,220.0
Not Holiday,Not Holiday,False,573412.21016,218.0
Not Holiday,Not Holiday,False,373831.086112,188.0
Not Holiday,Not Holiday,False,327642.143098,196.0
Not Holiday,Not Holiday,False,338481.784057,192.0
Not Holiday,Not Holiday,False,326624.5773325,1586.0
Not Holiday,Not Holiday,False,375782.6398709,1224.0
Not Holiday,Not Holiday,False,597192.467989,267.0
Not Holiday,Not Holiday,False,742732.830236,123.0
Not Holiday,Not Holiday,False,512725.7729758,195.0
Not Holiday,Not Holiday,False,443636.187975,213.0
Not Holiday,Not Holiday,False,423284.494993,236.0
Not Holiday,Not Holiday,False,359474.513823,1616.0
Not Holiday,Not Holiday,False,391266.125449,1264.0
Not Holiday,Not Holiday,False,557142.461024,197.0
Not Holiday,Not Holiday,False,626026.956957,215.0
Not Holiday,Not Holiday,False,415798.946041,199.0
Not Holiday,Not Holiday,False,351689.4229725,199.0
Not Holiday,Not Holiday,False,373828.16418,258.0
Event,National,False,329408.06736,1979.0
Not Holiday,Not Holiday,False,392308.374573,1335.0
Not Holiday,Not Holiday,False,622072.988944,278.0
Event,National,False,441279.9339945,250.0
Not Holiday,Not Holiday,False,447450.23987,338.0
Not Holiday,Not Holiday,False,380396.036044,380.0
Not Holiday,Not Holiday,False,373408.6641423,425.0
Not Holiday,Not Holiday,False,332280.93509600003,2359.0
Event,National,False,369206.789547,1933.0
Not Holiday,Not Holiday,False,538613.855166,308.0
Not Holiday,Not Holiday,False,591184.1240535,360.0
Holiday,Local,False,414929.6359765,237.0
Not Holiday,Not Holiday,False,340464.7450455,266.0
Event,National,False,355342.398017,354.0
Holiday,Local,False,710684.796034,708.0
Holiday,Regional,False,355342.398017,354.0
Not Holiday,Not Holiday,False,315798.180924,2168.0
Not Holiday,Not Holiday,False,370793.573429,2732.0
Event,National,False,510870.81398,425.0
Event,National,False,567218.8850125,302.0
Event,National,False,429324.0552005,352.0
Event,National,False,720480.616788,2320.0
Not Holiday,Not Holiday,False,747430.1471275,4310.0
Holiday,Local,False,1167689.4415844,4766.0
Event,National,False,595424.31324,4056.0
Event,National,False,817307.1101677,610.0
Not Holiday,Not Holiday,False,918276.596259,583.0
Not Holiday,Not Holiday,False,638526.428909,492.0
Event,National,False,557291.4975265,2183.0
Event,National,False,574451.409963,4281.0
Not Holiday,Not Holiday,False,498047.54898,2465.0
Not Holiday,Not Holiday,False,535644.182793,4057.0
Event,National,False,756698.7523004999,568.0
Event,National,False,733653.779849,720.0
Not Holiday,Not Holiday,False,584867.15114,617.0
Not Holiday,Not Holiday,False,562860.0268329,2329.0
Not Holiday,Not Holiday,False,621336.4939885,4446.0
Not Holiday,Not Holiday,False,498221.7050971,2416.0
Not Holiday,Not Holiday,False,547619.0590519,4275.0
Not Holiday,Not Holiday,False,728988.226204,759.0
Not Holiday,Not Holiday,False,776474.1180457,636.0
Not Holiday,Not Holiday,False,600228.430008,592.0
Not Holiday,Not Holiday,False,530276.040011,2287.0
Holiday,Local,False,574168.635995,4459.0
Additional,Local,False,484618.8170115,2425.0
Holiday,Local,False,579767.285128,4395.0
Not Holiday,Not Holiday,False,688919.5500267,673.0
Not Holiday,Not Holiday,False,747307.86662,605.0
Not Holiday,Not Holiday,False,583936.68549,557.0
Not Holiday,Not Holiday,False,524743.3250017,2207.0
Not Holiday,Not Holiday,False,578056.965281,4640.0
Not Holiday,Not Holiday,False,532423.558194,2319.0
Not Holiday,Not Holiday,False,506826.7949305,4407.0
Not Holiday,Not Holiday,False,626533.637869,506.0
Not Holiday,Not Holiday,False,625898.205888,453.0
Not Holiday,Not Holiday,False,471173.304022,402.0
Holiday,Local,False,417197.476176,395.0
Not Holiday,Not Holiday,False,402914.370941,515.0
Not Holiday,Not Holiday,False,359701.53298899997,2310.0
Not Holiday,Not Holiday,False,397759.9389829,4308.0
Not Holiday,Not Holiday,False,496192.787084,574.0
Holiday,National,False,509681.7650025,612.0
Not Holiday,Not Holiday,False,409544.575013,530.0
Not Holiday,Not Holiday,False,353898.211991,488.0
Not Holiday,Not Holiday,False,372116.544964,623.0
Not Holiday,Not Holiday,False,340740.8170565,2331.0
Holiday,Local,False,402631.8400593,4456.0
Not Holiday,Not Holiday,False,533996.15517,578.0
Not Holiday,Not Holiday,False,564443.173007,559.0
Not Holiday,Not Holiday,False,433042.298907,514.0
Not Holiday,Not Holiday,False,379329.9530773,512.0
Not Holiday,Not Holiday,False,398126.790988,582.0
Not Holiday,Not Holiday,False,355108.8749955,2412.0
Not Holiday,Not Holiday,False,388359.8983235,4479.0
Not Holiday,Not Holiday,False,499678.208204,649.0
Holiday,Local,False,528990.5611087,680.0
Not Holiday,Not Holiday,False,412250.075007,591.0
Not Holiday,Not Holiday,False,355053.9079745,516.0
Not Holiday,Not Holiday,False,366321.498077,623.0
Not Holiday,Not Holiday,False,327912.427,2175.0
Not Holiday,Not Holiday,False,403288.917062,4268.0
Not Holiday,Not Holiday,False,586373.694132,437.0
Not Holiday,Not Holiday,False,660088.183052,455.0
Not Holiday,Not Holiday,False,812526.219024,633.0
Not Holiday,Not Holiday,False,717351.552768,2300.0
Not Holiday,Not Holiday,False,726683.8617375,4724.0
Not Holiday,Not Holiday,False,551340.0774347,2657.0
Not Holiday,Not Holiday,False,603043.241921,4802.0
Not Holiday,Not Holiday,False,870139.4459765,959.0
Not Holiday,Not Holiday,False,997964.077948,942.0
Not Holiday,Not Holiday,False,648651.744928,802.0
Not Holiday,Not Holiday,False,562420.568002,2511.0
Not Holiday,Not Holiday,False,612987.4722337,4874.0
Not Holiday,Not Holiday,False,483462.953022,2737.0
Not Holiday,Not Holiday,False,564382.847851,4727.0
Not Holiday,Not Holiday,False,795802.238124,1018.0
Not Holiday,Not Holiday,False,896501.5622945,1020.0
Not Holiday,Not Holiday,False,630710.5728885,870.0
Not Holiday,Not Holiday,False,608239.973016,2647.0
Not Holiday,Not Holiday,False,617472.3442115,4999.0
Not Holiday,Not Holiday,False,479500.843061,2683.0
Not Holiday,Not Holiday,False,550213.093909,4614.0
Not Holiday,Not Holiday,False,808490.763077,898.0
Not Holiday,Not Holiday,False,901420.451004,975.0
Not Holiday,Not Holiday,False,589120.293928,798.0
Not Holiday,Not Holiday,False,559954.304399,2593.0
Not Holiday,Not Holiday,False,598183.114508,4837.0
Not Holiday,Not Holiday,False,466867.377076,2489.0
Not Holiday,Not Holiday,False,515474.223943,4319.0
Not Holiday,Not Holiday,False,781202.367982,632.0
Holiday,Local,False,886531.789814,739.0
Not Holiday,Not Holiday,False,586682.822002,582.0
Not Holiday,Not Holiday,False,599093.9157257,2278.0
Not Holiday,Not Holiday,False,784500.253914,4804.0
Not Holiday,Not Holiday,False,634306.519052,2616.0
Not Holiday,Not Holiday,False,675639.295098,4482.0
Not Holiday,Not Holiday,False,931317.51302,735.0
Not Holiday,Not Holiday,False,985466.962071,658.0
Not Holiday,Not Holiday,False,641480.757266,606.0
Holiday,Local,False,586410.2709706,2353.0
Not Holiday,Not Holiday,False,620201.323059,4784.0
Holiday,National,True,510519.923104,2450.0
Transfer,National,False,702470.317955,4569.0
Not Holiday,Not Holiday,False,748309.153739,564.0
Not Holiday,Not Holiday,False,843971.132714,648.0
Not Holiday,Not Holiday,False,611726.926015,565.0
Not Holiday,Not Holiday,False,550589.573294,2357.0
Not Holiday,Not Holiday,False,624797.469491,4945.0
Not Holiday,Not Holiday,False,538252.607117,2557.0
Not Holiday,Not Holiday,False,558538.135999,4551.0
Not Holiday,Not Holiday,False,820840.970792,769.0
Not Holiday,Not Holiday,False,935410.595877,769.0
Not Holiday,Not Holiday,False,624629.990941,609.0
Not Holiday,Not Holiday,False,542207.165266,2086.0
Not Holiday,Not Holiday,False,584926.355993,4755.0
Not Holiday,Not Holiday,False,492233.2322,2526.0
Not Holiday,Not Holiday,False,528403.680064,4477.0
Not Holiday,Not Holiday,False,758926.230707,1003.0
Not Holiday,Not Holiday,False,892128.498949,1020.0
Not Holiday,Not Holiday,False,572806.6319285,583.0
Not Holiday,Not Holiday,False,512678.811505,2327.0
Not Holiday,Not Holiday,False,560819.6780005,4953.0
Not Holiday,Not Holiday,False,459715.26616,2357.0
Not Holiday,Not Holiday,False,561876.0719155,4421.0
Not Holiday,Not Holiday,False,873539.2478855,975.0
Holiday,National,False,709851.4922288,944.0
Holiday,National,False,973192.041735,690.0
Not Holiday,Not Holiday,False,702751.953595,2373.0
Not Holiday,Not Holiday,False,718799.9390395,4858.0
Holiday,Regional,False,566118.381055,2519.0
Holiday,Regional,False,585330.25773,4392.0
Not Holiday,Not Holiday,False,816064.644983,861.0
Not Holiday,Not Holiday,False,941478.422301,956.0
Holiday,Local,False,593376.793073,540.0
Holiday,Local,False,552505.750307,2362.0
Holiday,Local,False,588093.484021,4810.0
Not Holiday,Not Holiday,False,468057.386823,2503.0
Not Holiday,Not Holiday,False,553007.970965,4434.0
Not Holiday,Not Holiday,False,786124.201177,1184.0
Not Holiday,Not Holiday,False,956619.401927,1058.0
Not Holiday,Not Holiday,False,620876.340058,754.0
Not Holiday,Not Holiday,False,553367.204141,2663.0
Not Holiday,Not Holiday,False,580234.0113007,5147.0
Not Holiday,Not Holiday,False,511855.7610447,2824.0
Not Holiday,Not Holiday,False,567978.732759,4573.0
Not Holiday,Not Holiday,False,763720.148593,868.0
Not Holiday,Not Holiday,False,907432.656994,973.0
Not Holiday,Not Holiday,False,610847.95702,710.0
Not Holiday,Not Holiday,False,541225.608011,2544.0
Not Holiday,Not Holiday,False,579125.306002,5021.0
Not Holiday,Not Holiday,False,475823.897052,2774.0
Event,National,False,559619.825094,4654.0
Not Holiday,Not Holiday,False,850925.105136,994.0
Not Holiday,Not Holiday,False,1023691.281592,1076.0
Event,National,False,817413.561974,1423.0
Not Holiday,Not Holiday,False,735319.1840285,3045.0
Not Holiday,Not Holiday,False,715127.614539,5359.0
Not Holiday,Not Holiday,False,578961.517004,3216.0
Additional,Local,False,635445.153317,4849.0
Holiday,Local,False,829386.70612,1151.0
Not Holiday,Not Holiday,False,1013889.8074,1165.0
Holiday,Local,False,790283.289992,922.0
Not Holiday,Not Holiday,False,665123.962957,2992.0
Not Holiday,Not Holiday,False,732121.033873,5562.0
Not Holiday,Not Holiday,False,580542.178879,3159.0
Not Holiday,Not Holiday,False,642760.387245,4853.0
Not Holiday,Not Holiday,False,854830.905829,1261.0
Not Holiday,Not Holiday,False,999106.1325775,1410.0
Not Holiday,Not Holiday,False,790182.945791,1025.0
Not Holiday,Not Holiday,False,799067.056179,2973.0
Not Holiday,Not Holiday,False,779966.499188,5290.0
Not Holiday,Not Holiday,False,731938.479893,3179.0
Not Holiday,Not Holiday,False,757349.3758179,4940.0
Work Day,National,False,935555.52434,1534.0
Additional,National,False,1056605.2012285,1579.0
Additional,National,False,1008143.3460193,1582.0
Holiday,Local,False,1008143.3460193,1582.0
Additional,National,False,1064977.9730725,3365.0
Additional,National,False,965982.871715,5828.0
Additional,National,False,872098.456795,5714.0
Bridge,National,False,872098.456795,5714.0
Not Holiday,Not Holiday,False,740596.158932,1747.0
Not Holiday,Not Holiday,False,716329.635071,1859.0
Not Holiday,Not Holiday,False,773998.401175,1783.0
Not Holiday,Not Holiday,False,912970.533204,3494.0
Additional,National,False,844380.469674,5648.0
Holiday,National,False,12773.61698,12.0
Bridge,National,False,657763.391981,4949.0
Not Holiday,Not Holiday,False,648880.686926,1306.0
Not Holiday,Not Holiday,False,730923.776022,1295.0
Not Holiday,Not Holiday,False,569267.29796,1148.0
Not Holiday,Not Holiday,False,477886.741053,1042.0
Not Holiday,Not Holiday,False,494160.850117,1291.0
Not Holiday,Not Holiday,False,417482.689131,3063.0
Not Holiday,Not Holiday,False,439381.226073,4761.0
Work Day,National,False,569956.90801,954.0
Not Holiday,Not Holiday,False,694860.9511,1058.0
Not Holiday,Not Holiday,False,442845.544014,1043.0
Not Holiday,Not Holiday,False,393799.993059,1213.0
Not Holiday,Not Holiday,False,400923.97107,1586.0
Not Holiday,Not Holiday,False,371146.144942,2608.0
Not Holiday,Not Holiday,False,423599.9357975,4510.0
Not Holiday,Not Holiday,False,621865.434007,712.0
Not Holiday,Not Holiday,False,678277.030991,577.0
Not Holiday,Not Holiday,False,448217.896919,588.0
Not Holiday,Not Holiday,False,405308.77722,569.0
Not Holiday,Not Holiday,False,413202.592067,697.0
Not Holiday,Not Holiday,False,364862.5390355,2598.0
Not Holiday,Not Holiday,False,416937.181925,4475.0
Not Holiday,Not Holiday,False,588849.871003,632.0
Not Holiday,Not Holiday,False,631623.951015,616.0
Not Holiday,Not Holiday,False,410009.617966,540.0
Not Holiday,Not Holiday,False,360009.850046,560.0
Not Holiday,Not Holiday,False,376935.916035,639.0
Not Holiday,Not Holiday,False,343062.160973,2696.0
Not Holiday,Not Holiday,False,435899.6719165,4647.0
Not Holiday,Not Holiday,False,656205.841844,763.0
Not Holiday,Not Holiday,False,815294.475951,727.0
Not Holiday,Not Holiday,False,538301.886974,653.0
Not Holiday,Not Holiday,False,475249.842928,583.0
Not Holiday,Not Holiday,False,451923.147059,687.0
Not Holiday,Not Holiday,False,407491.967944,2640.0
Not Holiday,Not Holiday,False,437147.54517,4645.0
Not Holiday,Not Holiday,False,599911.594879,721.0
Not Holiday,Not Holiday,False,622994.231951,690.0
Not Holiday,Not Holiday,False,458002.152043,722.0
Not Holiday,Not Holiday,False,400825.9849177,694.0
Not Holiday,Not Holiday,False,400115.3330245,766.0
Not Holiday,Not Holiday,False,384963.142969,2613.0
Not Holiday,Not Holiday,False,493265.468013,4536.0
Not Holiday,Not Holiday,False,562855.068099,697.0
Not Holiday,Not Holiday,False,434886.671834,576.0
Holiday,National,False,420740.903983,574.0
Holiday,National,False,483088.13409300003,609.0
Not Holiday,Not Holiday,False,497499.057967,670.0
Not Holiday,Not Holiday,False,436360.905914,2616.0
Not Holiday,Not Holiday,False,483681.015026,4387.0
Not Holiday,Not Holiday,False,572753.075038,443.0
Not Holiday,Not Holiday,False,691339.067796,573.0
Not Holiday,Not Holiday,False,443349.890841,425.0
Not Holiday,Not Holiday,False,407890.277971,411.0
Not Holiday,Not Holiday,False,395774.954032,476.0
Not Holiday,Not Holiday,False,354938.226975,2631.0
Not Holiday,Not Holiday,False,436488.424914,4475.0
Not Holiday,Not Holiday,False,635263.400075,504.0
Not Holiday,Not Holiday,False,820434.978924,617.0
Holiday,Local,False,546037.787999,464.0
Not Holiday,Not Holiday,False,492365.24083,571.0
Not Holiday,Not Holiday,False,483330.548167,608.0
Not Holiday,Not Holiday,False,428599.809059,2679.0
Not Holiday,Not Holiday,False,463723.974873,4451.0
Not Holiday,Not Holiday,False,657377.210913,660.0
Not Holiday,Not Holiday,False,659563.411966,538.0
Not Holiday,Not Holiday,False,480371.950086,557.0
Not Holiday,Not Holiday,False,457881.7640763,567.0
Not Holiday,Not Holiday,False,425617.727075,572.0
Not Holiday,Not Holiday,False,382588.6690535,2664.0
Not Holiday,Not Holiday,False,434805.995204,4501.0
Not Holiday,Not Holiday,False,616609.760896,649.0
Not Holiday,Not Holiday,False,662700.871933,636.0
Not Holiday,Not Holiday,False,466598.425914,597.0
Not Holiday,Not Holiday,False,415359.51603,581.0
Not Holiday,Not Holiday,False,398629.999994,600.0
Not Holiday,Not Holiday,False,373324.3829895,2698.0
Not Holiday,Not Holiday,False,467687.945081,4477.0
Not Holiday,Not Holiday,False,624099.228222,597.0
Not Holiday,Not Holiday,False,646466.401887,666.0
Not Holiday,Not Holiday,False,462664.2370045,543.0
Not Holiday,Not Holiday,False,407369.722015,445.0
Not Holiday,Not Holiday,False,408258.189916,579.0
Not Holiday,Not Holiday,False,367006.957001,2769.0
Not Holiday,Not Holiday,False,436906.608975,4596.0
Not Holiday,Not Holiday,False,589854.7040575,587.0
Not Holiday,Not Holiday,False,641213.770163,669.0
Not Holiday,Not Holiday,False,437878.834978,632.0
Not Holiday,Not Holiday,False,443278.893073,590.0
Holiday,Regional,False,557223.161038,777.0
Not Holiday,Not Holiday,False,524588.902022,2854.0
Holiday,National,False,510296.785948,4598.0
Not Holiday,Not Holiday,False,653894.195903,712.0
Not Holiday,Not Holiday,False,659669.577136,707.0
Not Holiday,Not Holiday,False,519734.816963,578.0
Not Holiday,Not Holiday,False,464788.21798,631.0
Not Holiday,Not Holiday,False,461140.213006,753.0
Not Holiday,Not Holiday,False,398718.315935,2883.0
Not Holiday,Not Holiday,False,445869.298012,4725.0
Not Holiday,Not Holiday,False,610603.017074,736.0
Holiday,Local,False,659939.024086,715.0
Not Holiday,Not Holiday,False,453724.756048,643.0
Holiday,Local,False,403623.396979,666.0
Not Holiday,Not Holiday,False,438106.287965,739.0
Not Holiday,Not Holiday,False,418643.193957,3374.0
Not Holiday,Not Holiday,False,456303.236748,5102.0
Not Holiday,Not Holiday,False,629155.66071,1195.0
Not Holiday,Not Holiday,False,684544.950159,1249.0
Not Holiday,Not Holiday,False,481694.770966,1146.0
Holiday,Local,False,426018.313035,1090.0
Not Holiday,Not Holiday,False,421108.210059,1250.0
Not Holiday,Not Holiday,False,392147.042002,3300.0
Not Holiday,Not Holiday,False,437625.507963,5216.0
Not Holiday,Not Holiday,False,588781.512939,1185.0
Not Holiday,Not Holiday,False,625901.000988,1169.0
Not Holiday,Not Holiday,False,425049.148087,1046.0
Not Holiday,Not Holiday,False,374839.1850745,1057.0
Not Holiday,Not Holiday,False,398724.330055,1012.0
Not Holiday,Not Holiday,False,432612.141938,3267.0
Holiday,National,False,674509.400095,5555.0
Not Holiday,Not Holiday,False,711052.273896,1343.0
Not Holiday,Not Holiday,False,742887.785029,1381.0
Not Holiday,Not Holiday,False,556245.147953,1282.0
Not Holiday,Not Holiday,False,509493.227021,1240.0
Not Holiday,Not Holiday,False,504999.550962,1340.0
Not Holiday,Not Holiday,False,444082.309939,3372.0
Not Holiday,Not Holiday,False,481304.22297,5130.0
Additional,National,False,706705.4400759999,1156.0
Event,National,False,558062.273048,1024.0
Not Holiday,Not Holiday,False,524864.051063,1055.0
Holiday,Local,False,452162.874045,1014.0
Not Holiday,Not Holiday,False,446915.639008,1172.0
Not Holiday,Not Holiday,False,395609.666087,3153.0
Not Holiday,Not Holiday,False,483535.538107,5076.0
Not Holiday,Not Holiday,False,709798.552994,1196.0
Not Holiday,Not Holiday,False,798186.132143,1060.0
Not Holiday,Not Holiday,False,496595.01098,968.0
Not Holiday,Not Holiday,False,446375.4880335,999.0
Not Holiday,Not Holiday,False,466238.630977,1232.0
Not Holiday,Not Holiday,False,417006.136035,3115.0
Not Holiday,Not Holiday,False,458727.917031,4923.0
Not Holiday,Not Holiday,False,658882.9229615,970.0
Holiday,National,False,738068.426823,1012.0
Not Holiday,Not Holiday,False,534802.790004,941.0
Not Holiday,Not Holiday,False,463132.406006,887.0
Not Holiday,Not Holiday,False,481804.96096,1007.0
Not Holiday,Not Holiday,False,428506.881011,3183.0
Not Holiday,Not Holiday,False,560519.530038,5079.0
Not Holiday,Not Holiday,False,855728.291973,992.0
Not Holiday,Not Holiday,False,1023564.76704,1025.0
Not Holiday,Not Holiday,False,812081.2027655,1388.0
Not Holiday,Not Holiday,False,753430.6418917,3643.0
Not Holiday,Not Holiday,False,747929.452075,5581.0
Not Holiday,Not Holiday,False,608994.6461083,3401.0
Not Holiday,Not Holiday,False,657675.126037,5144.0
Not Holiday,Not Holiday,False,904437.271141,1066.0
Not Holiday,Not Holiday,False,1070695.9178497,1068.0
Not Holiday,Not Holiday,False,696952.81204,949.0
Not Holiday,Not Holiday,False,623725.1071692,3216.0
Not Holiday,Not Holiday,False,641435.3719983,5373.0
Not Holiday,Not Holiday,False,510019.1489275,1369.0
Not Holiday,Not Holiday,False,606616.000975,6500.0
Not Holiday,Not Holiday,False,840727.775905,1564.0
Not Holiday,Not Holiday,False,967745.7218685,2239.0
Not Holiday,Not Holiday,False,666557.1317587,1495.0
Not Holiday,Not Holiday,False,672637.824072,3629.0
Not Holiday,Not Holiday,False,677171.157112,8606.0
Not Holiday,Not Holiday,False,556155.0391433,1775.0
Not Holiday,Not Holiday,False,659233.5706609,6748.0
Not Holiday,Not Holiday,False,936951.654373,1586.0
Not Holiday,Not Holiday,False,790568.421132,2389.0
Not Holiday,Not Holiday,False,701208.22895,1617.0
Holiday,Local,False,640322.326029,3756.0
Not Holiday,Not Holiday,False,643411.714061,9265.0
Holiday,Local,False,1037401.9117946,2308.0
Holiday,Regional,False,518700.9558973,1154.0
Not Holiday,Not Holiday,False,593299.460788,6213.0
Not Holiday,Not Holiday,False,831492.4641955,1166.0
Not Holiday,Not Holiday,False,976563.5890657,1994.0
Not Holiday,Not Holiday,False,639072.192193,1006.0
Not Holiday,Not Holiday,False,669548.425059,2927.0
Not Holiday,Not Holiday,False,885953.200992,8448.0
Not Holiday,Not Holiday,False,705642.2820965,1306.0
Holiday,Local,False,1545546.78784,12968.0
Not Holiday,Not Holiday,False,1018541.84294,1252.0
Not Holiday,Not Holiday,False,982427.6819,2065.0
Not Holiday,Not Holiday,False,754949.70914,1033.0
Not Holiday,Not Holiday,False,654821.0515315,2971.0
Not Holiday,Not Holiday,False,732992.130029,8236.0
Not Holiday,Not Holiday,False,605032.4963965,1214.0
Not Holiday,Not Holiday,False,643986.381178,6406.0
Not Holiday,Not Holiday,False,794984.703157,1137.0
Not Holiday,Not Holiday,False,898731.936734,1942.0
Not Holiday,Not Holiday,False,647967.077874,1009.0
Not Holiday,Not Holiday,False,601452.258023,2851.0
Not Holiday,Not Holiday,False,664505.1001790001,8255.0
Not Holiday,Not Holiday,False,584042.727022,1225.0
Not Holiday,Not Holiday,False,653452.17114,6503.0
Not Holiday,Not Holiday,False,826353.336031,1126.0
Not Holiday,Not Holiday,False,894707.299378,1938.0
Not Holiday,Not Holiday,False,685961.243972,1357.0
Not Holiday,Not Holiday,False,607836.498977,3157.0
Not Holiday,Not Holiday,False,631385.408886,8415.0
Holiday,Local,False,541511.421067,1482.0
Holiday,Local,False,635244.2449785,6714.0
Holiday,Local,False,797427.520942,1529.0
Not Holiday,Not Holiday,False,875032.0362592,2383.0
Not Holiday,Not Holiday,False,652999.1942961001,1466.0
Not Holiday,Not Holiday,False,594977.6665523,3408.0
Not Holiday,Not Holiday,False,625449.98155,8747.0
Not Holiday,Not Holiday,False,543393.592625,1662.0
Not Holiday,Not Holiday,False,695083.4489723,7021.0
Not Holiday,Not Holiday,False,1044894.790061,1448.0
Not Holiday,Not Holiday,False,1043495.475018,2194.0
Not Holiday,Not Holiday,False,811119.83411,1405.0
Not Holiday,Not Holiday,False,726613.35811,3489.0
Holiday,Local,False,724346.594,8919.0
Not Holiday,Not Holiday,False,583375.211759,1529.0
Not Holiday,Not Holiday,False,663326.5180703,6744.0
Not Holiday,Not Holiday,False,784099.215997,1436.0
Not Holiday,Not Holiday,False,679410.125135,2287.0
Holiday,National,False,785477.934216,1389.0
Not Holiday,Not Holiday,False,668280.357956,3358.0
Not Holiday,Not Holiday,False,678064.7316857,7917.0
Not Holiday,Not Holiday,False,557859.477954,1482.0
Not Holiday,Not Holiday,False,734484.205049,6748.0
Holiday,Local,False,936339.026059,1434.0
Not Holiday,Not Holiday,False,913846.62503,2166.0
Not Holiday,Not Holiday,False,694747.161863,1393.0
Not Holiday,Not Holiday,False,629475.6430527,3316.0
Not Holiday,Not Holiday,False,653733.3600063,7781.0
Not Holiday,Not Holiday,False,569443.704073,1511.0
Not Holiday,Not Holiday,False,653281.208151,7086.0
Not Holiday,Not Holiday,False,803270.157597,1653.0
Not Holiday,Not Holiday,False,865755.397429,2412.0
Holiday,Local,False,681575.9899773,1491.0
Not Holiday,Not Holiday,False,624698.33755,3525.0
Not Holiday,Not Holiday,False,640075.9908365,8142.0
Not Holiday,Not Holiday,False,548043.327354,1462.0
Not Holiday,Not Holiday,False,635737.2322,6846.0
Not Holiday,Not Holiday,False,876953.096934,1484.0
Not Holiday,Not Holiday,False,975697.601858,2310.0
Not Holiday,Not Holiday,False,776152.5521897,1257.0
Not Holiday,Not Holiday,False,906549.992952,3595.0
Not Holiday,Not Holiday,False,879033.0925,8161.0
Not Holiday,Not Holiday,False,707093.042,2241.0
Not Holiday,Not Holiday,False,736395.302632,7802.0
Not Holiday,Not Holiday,False,1052868.394291,2570.0
Not Holiday,Not Holiday,False,1147642.583011,3486.0
Not Holiday,Not Holiday,False,767382.7769737,2391.0
Not Holiday,Not Holiday,False,677312.236066,4385.0
Not Holiday,Not Holiday,False,705633.4998935,8964.0
Not Holiday,Not Holiday,False,577743.795026,2597.0
Not Holiday,Not Holiday,False,651330.167952,7873.0
Not Holiday,Not Holiday,False,921524.436013,2572.0
Not Holiday,Not Holiday,False,1023345.318906,3511.0
Not Holiday,Not Holiday,False,688405.190061,2433.0
Not Holiday,Not Holiday,False,682134.3540295,4657.0
Not Holiday,Not Holiday,False,742089.667998,9156.0
Not Holiday,Not Holiday,False,593577.802125,2563.0
Not Holiday,Not Holiday,False,653805.874946,7943.0
Not Holiday,Not Holiday,False,935893.481059,2727.0
Not Holiday,Not Holiday,False,1037532.860693,3551.0
Not Holiday,Not Holiday,False,717725.376959,2517.0
Not Holiday,Not Holiday,False,641914.7389995,4480.0
Not Holiday,Not Holiday,False,690419.721922,9189.0
Not Holiday,Not Holiday,False,557321.610921,2352.0
Not Holiday,Not Holiday,False,646083.8750635,7739.0
Not Holiday,Not Holiday,False,890486.060145,2486.0
Not Holiday,Not Holiday,False,1018062.963565,3382.0
Holiday,Local,False,671261.0640092,2245.0
Not Holiday,Not Holiday,False,609130.6581453,4278.0
Not Holiday,Not Holiday,False,711182.539054,9027.0
Not Holiday,Not Holiday,False,796340.858947,2231.0
Not Holiday,Not Holiday,False,830719.387744,7801.0
Not Holiday,Not Holiday,False,1179376.177625,2220.0
Not Holiday,Not Holiday,False,1234130.938595,3011.0
Not Holiday,Not Holiday,False,809524.837996,1990.0
Not Holiday,Not Holiday,False,696169.275967,3989.0
Holiday,Local,False,720562.330573,8798.0
Not Holiday,Not Holiday,False,603066.030064,2042.0
Holiday,National,False,873934.7190479999,7815.0
Not Holiday,Not Holiday,False,867556.973019,1969.0
Not Holiday,Not Holiday,False,973329.203973,2852.0
Not Holiday,Not Holiday,False,721634.5721813,1864.0
Not Holiday,Not Holiday,False,585141.5538577,3899.0
Not Holiday,Not Holiday,False,688198.106351,8778.0
Not Holiday,Not Holiday,False,577952.197162,1289.0
Not Holiday,Not Holiday,False,693829.351874,6959.0
Not Holiday,Not Holiday,False,958052.958031,1355.0
Not Holiday,Not Holiday,False,1071477.102879,2212.0
Not Holiday,Not Holiday,False,699259.488037,1166.0
Not Holiday,Not Holiday,False,660308.361186,3039.0
Not Holiday,Not Holiday,False,672847.3460333,7950.0
Not Holiday,Not Holiday,False,547020.0469813,1019.0
Not Holiday,Not Holiday,False,639040.6062,6519.0
Not Holiday,Not Holiday,False,859950.710621,915.0
Not Holiday,Not Holiday,False,1018783.141953,1822.0
Not Holiday,Not Holiday,False,649914.352338,842.0
Not Holiday,Not Holiday,False,587066.101075,2944.0
Not Holiday,Not Holiday,False,599388.1222552,7811.0
Not Holiday,Not Holiday,False,511860.0689186,1392.0
Not Holiday,Not Holiday,False,635875.8911987,7060.0
Not Holiday,Not Holiday,False,915956.851878,1667.0
Not Holiday,Not Holiday,False,819250.388037,2621.0
Holiday,National,False,762549.794932,1715.0
Holiday,National,False,1033439.132986,3898.0
Not Holiday,Not Holiday,False,855494.43996,9041.0
Not Holiday,Not Holiday,False,649662.670907,1872.0
Holiday,Regional,False,671145.788057,7448.0
Holiday,Regional,False,929723.344157,1881.0
Not Holiday,Not Holiday,False,1077361.9559685,2868.0
Not Holiday,Not Holiday,False,683644.901987,1707.0
Holiday,Local,False,623529.1790699,3788.0
Holiday,Local,False,689746.212316,8741.0
Holiday,Local,False,506937.6640027,1777.0
Not Holiday,Not Holiday,False,626674.025055,7175.0
Not Holiday,Not Holiday,False,867597.332909,2300.0
Not Holiday,Not Holiday,False,1056159.462651,3508.0
Not Holiday,Not Holiday,False,716508.7092175,2524.0
Not Holiday,Not Holiday,False,618919.988059,4525.0
Not Holiday,Not Holiday,False,683954.18795,9935.0
Not Holiday,Not Holiday,False,560452.567301,2888.0
Not Holiday,Not Holiday,False,665619.668251,8109.0
Not Holiday,Not Holiday,False,863726.8816559,2473.0
Not Holiday,Not Holiday,False,1015844.2849005,3537.0
Not Holiday,Not Holiday,False,696685.460932,2307.0
Not Holiday,Not Holiday,False,612710.200935,4508.0
Not Holiday,Not Holiday,False,658917.83013,9548.0
Not Holiday,Not Holiday,False,530358.330027,2134.0
Event,National,False,645087.0350447,7812.0
Not Holiday,Not Holiday,False,850596.003884,2432.0
Not Holiday,Not Holiday,False,1070619.802932,3235.0
Event,National,False,762036.1239965,2190.0
Not Holiday,Not Holiday,False,857620.9426407,5121.0
Not Holiday,Not Holiday,False,867269.5758400001,10113.0
Not Holiday,Not Holiday,False,676883.031992,2513.0
Not Holiday,Not Holiday,False,749354.1319635,8073.0
Additional,Local,False,966202.367876,2404.0
Holiday,Local,False,1143119.31945,3188.0
Not Holiday,Not Holiday,False,822334.708983,2031.0
Holiday,Local,False,712569.16983,4241.0
Not Holiday,Not Holiday,False,747893.782087,9603.0
Not Holiday,Not Holiday,False,657427.1785246,2013.0
Not Holiday,Not Holiday,False,708392.807819,7574.0
Not Holiday,Not Holiday,False,915667.884291,2179.0
Not Holiday,Not Holiday,False,1059425.4213405,2924.0
Not Holiday,Not Holiday,False,811613.7221567,1672.0
Not Holiday,Not Holiday,False,779809.953397,5965.0
Not Holiday,Not Holiday,False,859930.249129,11274.0
Not Holiday,Not Holiday,False,809809.748717,2120.0
Not Holiday,Not Holiday,False,893569.902701,7493.0
Not Holiday,Not Holiday,False,1095523.5178683,2231.0
Not Holiday,Not Holiday,False,1175416.9636673,3037.0
Additional,National,False,1072887.476889,1811.0
Additional,National,False,1141861.90926,4122.0
Holiday,Local,False,1141861.90926,4122.0
Additional,National,False,1196146.056374,9276.0
Additional,National,False,1083680.315238,1838.0
Additional,National,False,946725.190766,1725.0
Not Holiday,Not Holiday,False,837714.129168,2582.0
Not Holiday,Not Holiday,False,789684.9127821,1316.0
Not Holiday,Not Holiday,False,870762.025758,3848.0
Not Holiday,Not Holiday,False,1030043.735764,9068.0
Additional,National,False,964641.5415009999,1638.0
Holiday,National,False,16433.394,159.0
Not Holiday,Not Holiday,False,1066677.424862,1832.0
Not Holiday,Not Holiday,False,1226735.719895,2936.0
Not Holiday,Not Holiday,False,955956.875097,1741.0
Not Holiday,Not Holiday,False,835320.439089,3950.0
Not Holiday,Not Holiday,False,821685.655923,8959.0
Not Holiday,Not Holiday,False,653504.3669428,1998.0
Not Holiday,Not Holiday,False,713608.3341557,7235.0
Not Holiday,Not Holiday,False,989209.458148,1793.0
Not Holiday,Not Holiday,False,1094693.83696,2700.0
Not Holiday,Not Holiday,False,705495.240963,1467.0
Not Holiday,Not Holiday,False,647058.461085,3683.0
Not Holiday,Not Holiday,False,660045.317135,8823.0
Not Holiday,Not Holiday,False,561972.62307,1917.0
Not Holiday,Not Holiday,False,671027.100027,7696.0
Not Holiday,Not Holiday,False,959827.146436,2282.0
Not Holiday,Not Holiday,False,1057997.343303,3141.0
Not Holiday,Not Holiday,False,709784.229951,2201.0
Not Holiday,Not Holiday,False,630929.75099,4738.0
Not Holiday,Not Holiday,False,738744.013045,10589.0
Not Holiday,Not Holiday,False,552820.7690359,940.0
Not Holiday,Not Holiday,False,648431.428037,6542.0
Not Holiday,Not Holiday,False,906754.833923,924.0
Not Holiday,Not Holiday,False,980927.7570135,1964.0
Not Holiday,Not Holiday,False,658090.687097,782.0
Not Holiday,Not Holiday,False,609465.787904,3075.0
Not Holiday,Not Holiday,False,647254.67807,8217.0
Not Holiday,Not Holiday,False,533709.8489592,2483.0
Not Holiday,Not Holiday,False,660492.758086,8261.0
Not Holiday,Not Holiday,False,969938.376831,2791.0
Not Holiday,Not Holiday,False,1093211.2294,3759.0
Not Holiday,Not Holiday,False,872063.3148838,2805.0
Not Holiday,Not Holiday,False,765233.207779,4924.0
Not Holiday,Not Holiday,False,772360.939004,9935.0
Not Holiday,Not Holiday,False,650328.166941,3326.0
Not Holiday,Not Holiday,False,768586.5079877,9244.0
Not Holiday,Not Holiday,False,941954.07605,3667.0
Not Holiday,Not Holiday,False,697791.630994,4184.0
Holiday,National,False,636542.677274,3245.0
Holiday,National,False,746939.64016,5542.0
Not Holiday,Not Holiday,False,790988.713851,10965.0
Not Holiday,Not Holiday,False,646376.371075,5650.0
Not Holiday,Not Holiday,False,698152.0698755,11248.0
Not Holiday,Not Holiday,False,859023.0269945,6018.0
Not Holiday,Not Holiday,False,940214.498527,6966.0
Not Holiday,Not Holiday,False,746671.290005,5744.0
Not Holiday,Not Holiday,False,719111.88609,6223.0
Not Holiday,Not Holiday,False,723794.722013,11241.0
Not Holiday,Not Holiday,False,570072.678149,3949.0
Not Holiday,Not Holiday,False,672510.133621,9501.0
Not Holiday,Not Holiday,False,883790.2212395,4278.0
Not Holiday,Not Holiday,False,991384.2700283,5431.0
Not Holiday,Not Holiday,False,698907.63622,4009.0
Not Holiday,Not Holiday,False,641329.0610941,6027.0
Not Holiday,Not Holiday,False,675573.377814,11117.0
Not Holiday,Not Holiday,False,557959.327812,3236.0
Not Holiday,Not Holiday,False,641922.8016649,9782.0
Not Holiday,Not Holiday,False,916704.0687289999,5172.0
Not Holiday,Not Holiday,False,994502.727301,6156.0
Not Holiday,Not Holiday,False,726619.7578255,3956.0
Not Holiday,Not Holiday,False,897927.643296,6666.0
Holiday,Local,False,878452.364907,11706.0
Not Holiday,Not Holiday,False,671564.7523075,3490.0
Not Holiday,Not Holiday,False,747546.7958183,9322.0
Not Holiday,Not Holiday,False,1028620.677053,3909.0
Not Holiday,Not Holiday,False,1078958.5091855,4730.0
Not Holiday,Not Holiday,False,738126.524119,3446.0
Not Holiday,Not Holiday,False,642291.3448895,5398.0
Not Holiday,Not Holiday,False,694645.8489091,10754.0
Not Holiday,Not Holiday,False,572491.856825,3430.0
Not Holiday,Not Holiday,False,664893.5129268001,9111.0
Not Holiday,Not Holiday,False,898101.109871,3825.0
Not Holiday,Not Holiday,False,954980.3301475,4613.0
Not Holiday,Not Holiday,False,668066.393105,3453.0
Not Holiday,Not Holiday,False,668186.702459,5709.0
Not Holiday,Not Holiday,False,739805.377693,10828.0
Not Holiday,Not Holiday,False,580452.5319757,4979.0
Not Holiday,Not Holiday,False,666756.8191527,9539.0
Not Holiday,Not Holiday,False,895038.512068,4430.0
Not Holiday,Not Holiday,False,929605.582019,5296.0
Not Holiday,Not Holiday,False,690469.800941,4119.0
Not Holiday,Not Holiday,False,622695.8369947,5900.0
Not Holiday,Not Holiday,False,714881.17408,11249.0
Not Holiday,Not Holiday,False,660489.8450025,2340.0
Holiday,National,False,633524.200062,7584.0
Not Holiday,Not Holiday,False,800133.5174955,2400.0
Not Holiday,Not Holiday,False,833336.064862,3329.0
Not Holiday,Not Holiday,False,661057.8656583,2380.0
Not Holiday,Not Holiday,False,621166.0630926,4467.0
Not Holiday,Not Holiday,False,660138.988943,9807.0
Not Holiday,Not Holiday,False,617374.3379607,3581.0
Holiday,Regional,False,872467.3200749999,9793.0
Not Holiday,Not Holiday,False,1150824.580929,3941.0
Not Holiday,Not Holiday,False,1266908.291001,5092.0
Not Holiday,Not Holiday,False,795237.1920634999,3643.0
Not Holiday,Not Holiday,False,725750.101045,5677.0
Not Holiday,Not Holiday,False,744784.8430795,11186.0
Not Holiday,Not Holiday,False,587939.720177,3080.0
Not Holiday,Not Holiday,False,689727.1961377,9240.0
Not Holiday,Not Holiday,False,927981.389244,4143.0
Not Holiday,Not Holiday,False,1008876.737901,5403.0
Not Holiday,Not Holiday,False,665348.963943,4377.0
Holiday,Local,False,651657.0342615,6825.0
Not Holiday,Not Holiday,False,672611.48105,12374.0
Holiday,Local,False,546785.2089455,3484.0
Not Holiday,Not Holiday,False,667606.299867,9158.0
Event,National,False,862121.492036,3954.0
Event,National,False,1271833.739255,4986.0
Event,National,False,1345920.6048929,4075.0
Event,National,False,1152089.208085,6110.0
Event,National,False,1062426.2900389,12650.0
Event,National,False,1001079.779168,5526.0
Holiday,Local,False,1001079.779168,5526.0
Event,National,False,857059.24399,11038.0
Event,National,False,1022143.1346499,5737.0
Event,National,False,1039369.932014,6762.0
Event,National,False,680000.753839,5125.0
Event,National,False,704799.4182328,7306.0
Event,National,False,670288.098041,13522.0
Event,National,False,543339.849013,6363.0
Event,National,False,708711.428894,14393.0
Event,National,False,1067335.770093,10349.0
Event,National,False,1270121.20756,12056.0
Holiday,National,False,1270121.20756,12056.0
Event,National,False,973985.670432,9677.0
Event,National,False,792205.5501393,12286.0
Event,National,False,798654.4540987,17422.0
Event,National,False,648701.6029645,9971.0
Event,National,False,761422.5161262,16096.0
Additional,National,False,1071192.776983,10650.0
Event,National,False,1071192.776983,10650.0
Event,National,False,1641649.2761366,21472.0
Event,National,False,771767.6541339,10233.0
Event,National,False,693010.486981,12099.0
Event,National,False,727543.4630335,15793.0
Event,National,False,603394.2070997,8951.0
Holiday,Local,False,603394.2070997,8951.0
Event,National,False,666833.8999414,14003.0
Event,National,False,932869.5212631,9545.0
Event,National,False,1070331.66738,10418.0
Event,National,False,748112.686851,8877.0
Not Holiday,Not Holiday,False,661930.83884,10975.0
Not Holiday,Not Holiday,False,671232.9593407,14599.0
Not Holiday,Not Holiday,False,581470.5602065,8973.0
Not Holiday,Not Holiday,False,706024.0579254,14004.0
Not Holiday,Not Holiday,False,910757.16309,9307.0
Not Holiday,Not Holiday,False,1030671.62292,10339.0
Not Holiday,Not Holiday,False,695004.681298,8534.0
Holiday,National,True,606377.2052165,10606.0
Not Holiday,Not Holiday,False,637512.038734,15657.0
Not Holiday,Not Holiday,False,571968.623123,10758.0
Transfer,National,False,852689.219312,17133.0
Not Holiday,Not Holiday,False,816187.2200643,11524.0
Not Holiday,Not Holiday,False,959853.658039,12737.0
Not Holiday,Not Holiday,False,752452.419172,11392.0
Not Holiday,Not Holiday,False,974327.9898907,14668.0
Not Holiday,Not Holiday,False,811525.320315,15912.0
Not Holiday,Not Holiday,False,694535.9356793,8059.0
Not Holiday,Not Holiday,False,742363.085208,11747.0
Not Holiday,Not Holiday,False,1011996.61607,6666.0
Not Holiday,Not Holiday,False,1123734.4361,7628.0
Not Holiday,Not Holiday,False,729894.222866,6262.0
Not Holiday,Not Holiday,False,658714.653306,8345.0
Not Holiday,Not Holiday,False,696747.5498651,13972.0
Not Holiday,Not Holiday,False,547139.6129411,6261.0
Not Holiday,Not Holiday,False,637354.31962,12011.0
Not Holiday,Not Holiday,False,845838.2061645,7639.0
Not Holiday,Not Holiday,False,947479.764963,8585.0
Not Holiday,Not Holiday,False,685382.193062,7235.0
Not Holiday,Not Holiday,False,622267.7731045,9714.0
Not Holiday,Not Holiday,False,708327.6370845,16034.0
Not Holiday,Not Holiday,False,620526.243001,7642.0
Not Holiday,Not Holiday,False,737897.438279,13274.0
Not Holiday,Not Holiday,False,972971.109711,8524.0
Not Holiday,Not Holiday,False,837363.023871,8814.0
Not Holiday,Not Holiday,False,735754.3648971,7609.0
Not Holiday,Not Holiday,False,679248.0220203,9623.0
Not Holiday,Not Holiday,False,677730.6512057,15476.0
Holiday,Local,False,559653.337429,6384.0
Not Holiday,Not Holiday,False,641812.675912,11846.0
Holiday,Local,False,1720593.669925,13968.0
Holiday,Regional,False,860296.8349625,6984.0
Not Holiday,Not Holiday,False,954344.666933,8257.0
Not Holiday,Not Holiday,False,684735.608995,6513.0
Not Holiday,Not Holiday,False,596948.934953,8118.0
Not Holiday,Not Holiday,False,632489.476942,13620.0
Not Holiday,Not Holiday,False,554144.864923,6662.0
Not Holiday,Not Holiday,False,857027.5539605,12713.0
Not Holiday,Not Holiday,False,1078485.141848,7331.0
Holiday,Local,False,2253427.41589,16140.0
Not Holiday,Not Holiday,False,850891.598845,6906.0
Not Holiday,Not Holiday,False,728011.558041,9188.0
Not Holiday,Not Holiday,False,752110.940641,16405.0
Not Holiday,Not Holiday,False,591702.7820185,5265.0
Not Holiday,Not Holiday,False,688563.400224,12532.0
Not Holiday,Not Holiday,False,868259.9708787,7671.0
Not Holiday,Not Holiday,False,932486.3001359,8786.0
Not Holiday,Not Holiday,False,688436.1450485,7134.0
Not Holiday,Not Holiday,False,627039.780111,8817.0
Not Holiday,Not Holiday,False,642494.4024465,13382.0
Not Holiday,Not Holiday,False,535124.328126,5346.0
Not Holiday,Not Holiday,False,675032.4290353,11407.0
Not Holiday,Not Holiday,False,887192.885063,6365.0
Not Holiday,Not Holiday,False,932586.6967328,7336.0
Not Holiday,Not Holiday,False,702619.751022,5892.0
Not Holiday,Not Holiday,False,633176.2922806,7823.0
Not Holiday,Not Holiday,False,686848.847004,13216.0
Not Holiday,Not Holiday,False,578823.6890245,5644.0
Not Holiday,Not Holiday,False,646633.655341,10352.0
Holiday,Local,False,822292.472006,5882.0
Additional,Local,False,847867.677942,6813.0
Transfer,Local,False,847867.677942,6813.0
Holiday,Local,True,697383.602092,5681.0
Not Holiday,Not Holiday,False,622771.923903,7550.0
Not Holiday,Not Holiday,False,651121.9849837,10781.0
Not Holiday,Not Holiday,False,533256.2493581,5647.0
Not Holiday,Not Holiday,False,669585.8378729,11243.0
Not Holiday,Not Holiday,False,910213.871959,6377.0
Not Holiday,Not Holiday,False,997916.9572141,7050.0
Not Holiday,Not Holiday,False,895580.405053,5349.0
Not Holiday,Not Holiday,False,777592.8388893,7884.0
Not Holiday,Not Holiday,False,779844.8100532,13361.0
Not Holiday,Not Holiday,False,622883.098161,5955.0
Holiday,Local,False,704092.7391311,11624.0
Not Holiday,Not Holiday,False,858903.2119025,6266.0
Not Holiday,Not Holiday,False,904321.436838,7562.0
Not Holiday,Not Holiday,False,715195.5388238,6231.0
Not Holiday,Not Holiday,False,635538.981035,8593.0
Holiday,National,True,658457.436112,13998.0
Not Holiday,Not Holiday,False,596729.279945,6448.0
Transfer,National,False,745662.5051491,11760.0
Not Holiday,Not Holiday,False,714905.9190669,6521.0
Not Holiday,Not Holiday,False,761826.1289779,7400.0
Holiday,Local,False,720032.299881,6925.0
Not Holiday,Not Holiday,False,718671.651353,8896.0
Not Holiday,Not Holiday,False,725945.703034,14445.0
Not Holiday,Not Holiday,False,577350.5209386,6847.0
Not Holiday,Not Holiday,False,678767.115815,12171.0
Not Holiday,Not Holiday,False,828986.33584,7317.0
Not Holiday,Not Holiday,False,901870.149939,8091.0
Not Holiday,Not Holiday,False,714866.233843,6907.0
Not Holiday,Not Holiday,False,660819.9779755,8720.0
Holiday,Local,False,674613.0479498,13484.0
Not Holiday,Not Holiday,False,554421.529139,5714.0
Not Holiday,Not Holiday,False,646698.272887,11058.0
Not Holiday,Not Holiday,False,791047.534486,6313.0
Not Holiday,Not Holiday,False,858802.419759,7180.0
Not Holiday,Not Holiday,False,671845.736816,6096.0
Not Holiday,Not Holiday,False,624711.335056,8397.0
Not Holiday,Not Holiday,False,731430.1240452,14079.0
Not Holiday,Not Holiday,False,718105.570925,6204.0
Not Holiday,Not Holiday,False,837129.587642,11445.0
Not Holiday,Not Holiday,False,1057581.210918,5986.0
Not Holiday,Not Holiday,False,1109985.857533,6669.0
Not Holiday,Not Holiday,False,813763.2950235,5446.0
Not Holiday,Not Holiday,False,751583.025072,7130.0
Not Holiday,Not Holiday,False,738543.916999,12437.0
Not Holiday,Not Holiday,False,595849.2986095,5757.0
Not Holiday,Not Holiday,False,658969.026968,11435.0
Not Holiday,Not Holiday,False,915938.559049,6595.0
Not Holiday,Not Holiday,False,1017369.2242663,7187.0
Not Holiday,Not Holiday,False,678776.4591265,5902.0
Not Holiday,Not Holiday,False,603427.946974,7836.0
Not Holiday,Not Holiday,False,624262.071976,13238.0
Not Holiday,Not Holiday,False,568324.812986,8373.0
Not Holiday,Not Holiday,False,691912.601466,14453.0
Not Holiday,Not Holiday,False,899219.297508,9645.0
Not Holiday,Not Holiday,False,1018662.657394,10453.0
Not Holiday,Not Holiday,False,681159.341976,8924.0
Not Holiday,Not Holiday,False,650980.3219717001,10992.0
Not Holiday,Not Holiday,False,666928.400013,16166.0
Not Holiday,Not Holiday,False,533276.332017,9185.0
Not Holiday,Not Holiday,False,663685.9846653,14938.0
Not Holiday,Not Holiday,False,861830.389997,10165.0
Not Holiday,Not Holiday,False,952352.5509251,10902.0
Not Holiday,Not Holiday,False,664217.4402937,9248.0
Not Holiday,Not Holiday,False,587908.3278165,11118.0
Holiday,Local,False,631761.1750463,15766.0
Not Holiday,Not Holiday,False,520744.9210333,8746.0
Not Holiday,Not Holiday,False,703198.490806,14020.0
Not Holiday,Not Holiday,False,1175033.65823,9040.0
Not Holiday,Not Holiday,False,1256480.1709663,10009.0
Not Holiday,Not Holiday,False,833060.55889,8527.0
Not Holiday,Not Holiday,False,724113.096039,11381.0
Not Holiday,Not Holiday,False,749712.3000211,16510.0
Not Holiday,Not Holiday,False,581429.340158,8844.0
Holiday,Local,False,797612.239327,14565.0
Not Holiday,Not Holiday,False,932551.706831,9965.0
Holiday,National,False,1088251.479908,10957.0
Not Holiday,Not Holiday,False,725312.8469015,9518.0
Not Holiday,Not Holiday,False,625271.993952,11499.0
Not Holiday,Not Holiday,False,665126.077693,15499.0
Not Holiday,Not Holiday,False,558859.8909975,9141.0
Not Holiday,Not Holiday,False,667954.207226,14622.0
Not Holiday,Not Holiday,False,890613.591114,9962.0
Not Holiday,Not Holiday,False,1104504.6882152,11029.0
Not Holiday,Not Holiday,False,710456.4240015,8913.0
Not Holiday,Not Holiday,False,630638.592023,10764.0
Not Holiday,Not Holiday,False,647823.468973,15074.0
Not Holiday,Not Holiday,False,583001.280078,8438.0
Not Holiday,Not Holiday,False,669453.5420583,13952.0
Not Holiday,Not Holiday,False,843626.415914,8824.0
Not Holiday,Not Holiday,False,1022953.689959,10108.0
Not Holiday,Not Holiday,False,668507.6451983,8278.0
Not Holiday,Not Holiday,False,610590.8979547,10318.0
Not Holiday,Not Holiday,False,633413.8905697,20046.0
Not Holiday,Not Holiday,False,544361.4798829,12296.0
Not Holiday,Not Holiday,False,638838.252231,18399.0
Not Holiday,Not Holiday,False,841074.6969995,15002.0
Not Holiday,Not Holiday,False,954838.191008,15945.0
Not Holiday,Not Holiday,False,654923.5029715,13089.0
Not Holiday,Not Holiday,False,811832.445984,15036.0
Holiday,National,False,969033.618953,21832.0
Holiday,National,False,793811.6841115,13041.0
Bridge,National,False,858468.216477,17726.0
Not Holiday,Not Holiday,False,887751.298669,13143.0
Holiday,Regional,False,1140367.104134,14731.0
Holiday,Regional,False,849451.0429045,12332.0
Not Holiday,Not Holiday,False,767439.628434,13995.0
Not Holiday,Not Holiday,False,790276.839009,21413.0
Holiday,Local,False,588241.7590247,11964.0
Holiday,Local,False,713396.4541223,17688.0
Holiday,Local,False,929802.771943,13278.0
Work Day,National,False,929802.771943,13278.0
Not Holiday,Not Holiday,False,1188982.232398,14446.0
Not Holiday,Not Holiday,False,735723.172977,10519.0
Not Holiday,Not Holiday,False,691801.6290437999,13178.0
Not Holiday,Not Holiday,False,830431.7415873,20041.0
Not Holiday,Not Holiday,False,615228.2560159,9983.0
Not Holiday,Not Holiday,False,738265.552222,15252.0
Not Holiday,Not Holiday,False,935656.0010137,11708.0
Not Holiday,Not Holiday,False,1125178.987911,12877.0
Not Holiday,Not Holiday,False,773762.280859,11295.0
Not Holiday,Not Holiday,False,690281.251004,13276.0
Not Holiday,Not Holiday,False,753685.041456,20488.0
Not Holiday,Not Holiday,False,595457.3062203,11234.0
Event,National,False,737819.484836,17137.0
Not Holiday,Not Holiday,False,908066.823384,12489.0
Not Holiday,Not Holiday,False,1056721.5920875,13624.0
Event,National,False,752583.7680527,11861.0
Not Holiday,Not Holiday,False,645760.5082353,13347.0
Not Holiday,Not Holiday,False,767361.704324,19424.0
Not Holiday,Not Holiday,False,843603.315088,12985.0
Not Holiday,Not Holiday,False,853454.930795,18819.0
Not Holiday,Not Holiday,False,1113440.567059,14279.0
Not Holiday,Not Holiday,False,1276195.0362097,15186.0
Additional,Local,False,896824.938971,13159.0
Holiday,Local,False,932546.385931,15573.0
Not Holiday,Not Holiday,False,867653.7351403,26861.0
Holiday,Local,False,674077.382905,13681.0
Not Holiday,Not Holiday,False,774941.923982,19275.0
Not Holiday,Not Holiday,False,920050.745917,14826.0
Not Holiday,Not Holiday,False,1119324.243986,16281.0
Not Holiday,Not Holiday,False,844251.703802,13791.0
Not Holiday,Not Holiday,False,747161.615593,16204.0
Not Holiday,Not Holiday,False,829763.2190675,21728.0
Not Holiday,Not Holiday,False,747641.1828753001,14623.0
Not Holiday,Not Holiday,False,918899.786306,20131.0
Not Holiday,Not Holiday,False,1071655.6282493,15863.0
Not Holiday,Not Holiday,False,1260471.9085900001,17228.0
Not Holiday,Not Holiday,False,1028242.8227987,15014.0
Not Holiday,Not Holiday,False,1080402.388032,17863.0
Additional,National,False,1181307.3270735,23427.0
Additional,National,False,1135849.391084,15486.0
Holiday,Local,False,1135849.391084,15486.0
Additional,National,False,1282145.5171351,21531.0
Additional,National,False,1246837.8430543,15250.0
Additional,National,False,1032770.748898,14818.0
Not Holiday,Not Holiday,False,842475.490118,16147.0
Not Holiday,Not Holiday,False,951533.7138481,23634.0
Not Holiday,Not Holiday,False,894108.236835,15877.0
Not Holiday,Not Holiday,False,1163643.0379923,21974.0
Additional,National,False,1109012.812049,15984.0
Holiday,National,True,12082.500997,170.0
Transfer,National,False,1402306.370834,11812.0
Not Holiday,Not Holiday,False,1104377.0798245,13906.0
Not Holiday,Not Holiday,False,990093.463742,22918.0
Not Holiday,Not Holiday,False,777620.9540695,8550.0
Not Holiday,Not Holiday,False,839600.237989,15539.0
Not Holiday,Not Holiday,False,1103806.298949,10406.0
Not Holiday,Not Holiday,False,1192543.750978,11277.0
Not Holiday,Not Holiday,False,793724.8969065,9647.0
Not Holiday,Not Holiday,False,742635.5692609,11820.0
Not Holiday,Not Holiday,False,770742.690065,17301.0
Not Holiday,Not Holiday,False,629635.794004,9601.0
Not Holiday,Not Holiday,False,768898.9443882,15674.0
Not Holiday,Not Holiday,False,1021050.536226,10682.0
Not Holiday,Not Holiday,False,1175725.165838,11548.0
Not Holiday,Not Holiday,False,824488.666175,9912.0
Not Holiday,Not Holiday,False,750836.542952,12064.0
Not Holiday,Not Holiday,False,782656.0246723,18723.0
Not Holiday,Not Holiday,False,606949.7448793,9633.0
Not Holiday,Not Holiday,False,725703.6910875,14854.0
Not Holiday,Not Holiday,False,1072721.724905,10194.0
Not Holiday,Not Holiday,False,1148214.358454,11257.0
Not Holiday,Not Holiday,False,798133.612125,9356.0
Not Holiday,Not Holiday,False,721275.774781,11940.0
Not Holiday,Not Holiday,False,744342.5929227,18532.0
Not Holiday,Not Holiday,False,576515.5369877,7562.0
Not Holiday,Not Holiday,False,722113.958837,13112.0
Not Holiday,Not Holiday,False,977850.40585,8264.0
Not Holiday,Not Holiday,False,1075166.993043,9260.0
Not Holiday,Not Holiday,False,698123.768037,7330.0
Not Holiday,Not Holiday,False,778222.285925,10584.0
Not Holiday,Not Holiday,False,961777.382874,16375.0
Not Holiday,Not Holiday,False,748882.732615,8017.0
Not Holiday,Not Holiday,False,834667.1519293,13655.0
Not Holiday,Not Holiday,False,1132788.541413,8302.0
Not Holiday,Not Holiday,False,1151987.631095,9052.0
Not Holiday,Not Holiday,False,786672.394181,7734.0
Not Holiday,Not Holiday,False,739431.213302,9964.0
Not Holiday,Not Holiday,False,783605.377185,19103.0
Not Holiday,Not Holiday,False,624387.487899,7213.0
Not Holiday,Not Holiday,False,752207.2398545,12607.0
Not Holiday,Not Holiday,False,944924.65301,7840.0
Not Holiday,Not Holiday,False,1074820.900014,8800.0
Not Holiday,Not Holiday,False,794314.4320675,7527.0
Not Holiday,Not Holiday,False,642613.187069,9653.0
Not Holiday,Not Holiday,False,745780.355084,17201.0
Not Holiday,Not Holiday,False,645968.2570671,8104.0
Not Holiday,Not Holiday,False,758855.71279,13615.0
Not Holiday,Not Holiday,False,1063394.844003,8434.0
Not Holiday,Not Holiday,False,858897.1230135,9119.0
Not Holiday,Not Holiday,False,759120.0599607,8008.0
Not Holiday,Not Holiday,False,717807.6770255,10436.0
Not Holiday,Not Holiday,False,739388.0344027,16096.0
Not Holiday,Not Holiday,False,675578.500156,8374.0
Not Holiday,Not Holiday,False,816197.498952,14147.0
Not Holiday,Not Holiday,False,1026011.2228075,9005.0
Not Holiday,Not Holiday,False,775708.987978,9260.0
Holiday,National,False,744956.948138,8398.0
Holiday,National,False,949366.8290505,11215.0
Not Holiday,Not Holiday,False,1008521.709962,18621.0
Holiday,Local,False,836225.179072,9186.0
Not Holiday,Not Holiday,False,882639.776274,15308.0
Not Holiday,Not Holiday,False,1125736.3470592,9661.0
Not Holiday,Not Holiday,False,1196983.690104,10362.0
Not Holiday,Not Holiday,False,790143.2410905,8100.0
Not Holiday,Not Holiday,False,761866.729975,10556.0
Not Holiday,Not Holiday,False,781046.6619577,16073.0
Not Holiday,Not Holiday,False,653901.1919827,7340.0
Not Holiday,Not Holiday,False,773855.30685,13248.0
Not Holiday,Not Holiday,False,1001174.4340065,7610.0
Not Holiday,Not Holiday,False,1146006.826973,8594.0
Not Holiday,Not Holiday,False,754390.380036,7142.0
Not Holiday,Not Holiday,False,700998.0346447,9650.0
Not Holiday,Not Holiday,False,815621.887369,15436.0
Not Holiday,Not Holiday,False,699108.166824,7569.0
Not Holiday,Not Holiday,False,812306.77427,14263.0
Not Holiday,Not Holiday,False,1038906.566154,8705.0
Not Holiday,Not Holiday,False,1157140.638587,9579.0
Not Holiday,Not Holiday,False,826428.90991,8349.0
Not Holiday,Not Holiday,False,746620.926177,11112.0
Not Holiday,Not Holiday,False,767880.804934,16052.0
Not Holiday,Not Holiday,False,670848.010029,6839.0
Not Holiday,Not Holiday,False,787914.125515,13150.0
Not Holiday,Not Holiday,False,1038139.316887,8520.0
Not Holiday,Not Holiday,False,1101557.476706,9434.0
Not Holiday,Not Holiday,False,784103.265042,7884.0
Not Holiday,Not Holiday,False,702943.9485770001,10654.0
Not Holiday,Not Holiday,False,824632.985033,17151.0
Not Holiday,Not Holiday,False,637624.340998,9116.0
Not Holiday,Not Holiday,False,878750.03788,14027.0
Holiday,Regional,False,1463083.962459,7450.0
Not Holiday,Not Holiday,False,1138650.058898,7946.0
Not Holiday,Not Holiday,False,835191.622029,6545.0
Not Holiday,Not Holiday,False,835602.6360017,9316.0
Not Holiday,Not Holiday,False,846631.307907,15094.0
Not Holiday,Not Holiday,False,683059.570103,6973.0
Not Holiday,Not Holiday,False,765502.211925,12478.0
Not Holiday,Not Holiday,False,988591.469958,7567.0
Not Holiday,Not Holiday,False,1101713.657101,8423.0
Not Holiday,Not Holiday,False,739392.130988,6662.0
Not Holiday,Not Holiday,False,741331.430196,9681.0
Holiday,Local,True,791762.312883,18094.0
Transfer,Local,False,737029.565183,10215.0
Holiday,Local,False,740889.486829,15812.0
Holiday,National,False,740889.486829,15812.0
Not Holiday,Not Holiday,False,898610.217928,10690.0
Not Holiday,Not Holiday,False,985493.795113,11676.0
Not Holiday,Not Holiday,False,775916.9059055,10152.0
Not Holiday,Not Holiday,False,717196.315762,11980.0
Not Holiday,Not Holiday,False,735733.2142477001,19618.0
Not Holiday,Not Holiday,False,675804.0219027,11231.0
Holiday,Local,False,795795.893872,18291.0
Not Holiday,Not Holiday,False,974952.817869,12972.0
Not Holiday,Not Holiday,False,1140070.2748035,14276.0
Not Holiday,Not Holiday,False,755072.530945,12476.0
Not Holiday,Not Holiday,False,718996.080637,14844.0
Not Holiday,Not Holiday,False,781159.2829995,21140.0
Not Holiday,Not Holiday,False,624910.0260955,12602.0
Not Holiday,Not Holiday,False,797636.6251025,18991.0
Not Holiday,Not Holiday,False,1068279.815941,13643.0
Not Holiday,Not Holiday,False,1041249.2479705,14204.0
Holiday,National,False,1306699.366897,12733.0
Not Holiday,Not Holiday,False,907324.094113,14155.0
Not Holiday,Not Holiday,False,924247.257204,21181.0
Not Holiday,Not Holiday,False,716654.608983,10040.0
Not Holiday,Not Holiday,False,780798.407016,15908.0
Not Holiday,Not Holiday,False,1039417.861868,10346.0
Not Holiday,Not Holiday,False,1227380.607924,11503.0
Not Holiday,Not Holiday,False,776307.495015,9552.0
Not Holiday,Not Holiday,False,715811.198881,12040.0
Not Holiday,Not Holiday,False,766101.907094,20292.0
Not Holiday,Not Holiday,False,648650.413039,11109.0
Holiday,Local,False,764812.415784,16721.0
Additional,National,False,1116976.891153,12225.0
Event,National,False,884199.9138385,12682.0
Not Holiday,Not Holiday,False,823035.572122,11265.0
Not Holiday,Not Holiday,False,807803.8950783,13685.0
Not Holiday,Not Holiday,False,841407.607944,18617.0
Not Holiday,Not Holiday,False,628487.989962,10594.0
Not Holiday,Not Holiday,False,773775.4378677,15706.0
Not Holiday,Not Holiday,False,1035667.381833,10841.0
Not Holiday,Not Holiday,False,1201938.886229,12033.0
Not Holiday,Not Holiday,False,778935.156126,10039.0
Not Holiday,Not Holiday,False,723151.767982,12292.0
Holiday,National,True,746303.6271255,20850.0
Not Holiday,Not Holiday,False,620108.24391,9527.0
Transfer,National,False,984511.1521135,16458.0
Not Holiday,Not Holiday,False,932219.893144,10604.0
Not Holiday,Not Holiday,False,1061771.636907,11854.0
Not Holiday,Not Holiday,False,776813.137038,10056.0
Not Holiday,Not Holiday,False,742471.2769905,12281.0
Not Holiday,Not Holiday,False,858062.149411,17457.0
Not Holiday,Not Holiday,False,766859.172845,3498.0
Not Holiday,Not Holiday,False,918421.319125,13480.0
Not Holiday,Not Holiday,False,1176138.109152,9337.0
Not Holiday,Not Holiday,False,1376511.520495,10512.0
Not Holiday,Not Holiday,False,912693.8511,8750.0
Not Holiday,Not Holiday,False,805546.647956,11319.0
Not Holiday,Not Holiday,False,842979.8370823,17369.0
Not Holiday,Not Holiday,False,667099.801025,10621.0
Not Holiday,Not Holiday,False,795116.1360699,15713.0
Not Holiday,Not Holiday,False,993732.684049,11792.0
Not Holiday,Not Holiday,False,1213673.946877,13187.0
Not Holiday,Not Holiday,False,768349.7589517,10854.0
Not Holiday,Not Holiday,False,729412.959849,13186.0
Not Holiday,Not Holiday,False,785885.9088963,20019.0
Not Holiday,Not Holiday,False,660338.346974,10081.0
Not Holiday,Not Holiday,False,834786.4275550001,15820.0
Not Holiday,Not Holiday,False,1096133.5508865,11567.0
Not Holiday,Not Holiday,False,965144.121179,12259.0
Not Holiday,Not Holiday,False,791146.393731,10399.0
Not Holiday,Not Holiday,False,787326.7170395,13072.0
Not Holiday,Not Holiday,False,766159.0112892,21009.0
Not Holiday,Not Holiday,False,609868.8309586,11621.0
Holiday,Local,False,761049.7450639,17672.0
Not Holiday,Not Holiday,False,963268.227135,12262.0
Holiday,Local,False,2185221.717228,26742.0
Holiday,Regional,False,1092610.858614,13371.0
Not Holiday,Not Holiday,False,755367.8450665,10857.0
Not Holiday,Not Holiday,False,682218.468913,13169.0
Not Holiday,Not Holiday,False,731896.9850105,20138.0
Not Holiday,Not Holiday,False,630811.802872,13403.0
Not Holiday,Not Holiday,False,802273.1392327,18245.0
Not Holiday,Not Holiday,False,1207529.921868,13017.0
Not Holiday,Not Holiday,False,1296379.2175535,13882.0
Holiday,Local,False,1850286.817632,24658.0
Not Holiday,Not Holiday,False,832359.2860137,14888.0
Not Holiday,Not Holiday,False,844301.613116,23049.0
Not Holiday,Not Holiday,False,700272.0099567,13192.0
Not Holiday,Not Holiday,False,805792.302193,18485.0
Not Holiday,Not Holiday,False,998347.1930085,13428.0
Not Holiday,Not Holiday,False,1100833.322376,14273.0
Not Holiday,Not Holiday,False,804158.8610365,12239.0
Not Holiday,Not Holiday,False,730534.767701,14429.0
Not Holiday,Not Holiday,False,748799.9959087,20226.0
Not Holiday,Not Holiday,False,629651.3629294999,10199.0
Not Holiday,Not Holiday,False,765489.6173932999,16059.0
Not Holiday,Not Holiday,False,969077.125075,11079.0
Not Holiday,Not Holiday,False,1100803.699023,11720.0
Not Holiday,Not Holiday,False,818325.522149,10056.0
Not Holiday,Not Holiday,False,730133.70894,12065.0
Not Holiday,Not Holiday,False,767978.778078,18201.0
Not Holiday,Not Holiday,False,688288.067857,10708.0
Not Holiday,Not Holiday,False,782418.2992188,15340.0
Not Holiday,Not Holiday,False,932902.046681,10070.0
Holiday,Local,False,1024288.741245,10870.0
Additional,Local,False,816564.327096,9448.0
Additional,Local,False,713581.632609,11325.0
Not Holiday,Not Holiday,False,740653.044167,18725.0
Not Holiday,Not Holiday,False,659849.8270588,8001.0
Not Holiday,Not Holiday,False,835099.6822035,13850.0
Not Holiday,Not Holiday,False,1032310.865737,9099.0
Not Holiday,Not Holiday,False,1123752.4779517,10227.0
Not Holiday,Not Holiday,False,885856.8408705,8649.0
Not Holiday,Not Holiday,False,988527.763204,10150.0
Not Holiday,Not Holiday,False,964712.016051,16524.0
Not Holiday,Not Holiday,False,728068.485132,7859.0
Not Holiday,Not Holiday,False,827775.686128,14193.0
Holiday,Local,False,965693.650492,8684.0
Not Holiday,Not Holiday,False,1049559.164277,9565.0
Not Holiday,Not Holiday,False,797464.963817,8209.0
Not Holiday,Not Holiday,False,717766.3491055,10638.0
Not Holiday,Not Holiday,False,734139.67401,16117.0
Holiday,National,True,651386.9119697,7917.0
Transfer,National,False,826373.722022,14179.0
Not Holiday,Not Holiday,False,792630.5350785,8312.0
Not Holiday,Not Holiday,False,865639.677471,9283.0
Not Holiday,Not Holiday,False,760922.4060808,8043.0
Holiday,Local,False,762661.935939,10605.0
